"","Date","HomeTeam","AwayTeam","FTHG","FTAG","FTR"
"1",2015-08-21,"Malaga","Sevilla",0,0,"D"
"2",2015-08-22,"Ath Madrid","Las Palmas",1,0,"H"
"3",2015-08-22,"Espanol","Getafe",1,0,"H"
"4",2015-08-22,"La Coruna","Sociedad",0,0,"D"
"5",2015-08-22,"Vallecano","Valencia",0,0,"D"
"6",2015-08-23,"Ath Bilbao","Barcelona",0,1,"A"
"7",2015-08-23,"Betis","Villarreal",1,1,"D"
"8",2015-08-23,"Levante","Celta",1,2,"A"
"9",2015-08-23,"Sp Gijon","Real Madrid",0,0,"D"
"10",2015-08-24,"Granada","Eibar",1,3,"A"
"11",2015-08-28,"Villarreal","Espanol",3,1,"H"
"12",2015-08-29,"Barcelona","Malaga",1,0,"H"
"13",2015-08-29,"Celta","Vallecano",3,0,"H"
"14",2015-08-29,"Real Madrid","Betis",5,0,"H"
"15",2015-08-29,"Sociedad","Sp Gijon",0,0,"D"
"16",2015-08-30,"Eibar","Ath Bilbao",2,0,"H"
"17",2015-08-30,"Getafe","Granada",1,2,"A"
"18",2015-08-30,"Las Palmas","Levante",0,0,"D"
"19",2015-08-30,"Sevilla","Ath Madrid",0,3,"A"
"20",2015-08-30,"Valencia","La Coruna",1,1,"D"
"21",2015-09-11,"Levante","Sevilla",1,1,"D"
"22",2015-09-12,"Ath Madrid","Barcelona",1,2,"A"
"23",2015-09-12,"Betis","Sociedad",1,0,"H"
"24",2015-09-12,"Espanol","Real Madrid",0,6,"A"
"25",2015-09-12,"Sp Gijon","Valencia",0,1,"A"
"26",2015-09-13,"Ath Bilbao","Getafe",3,1,"H"
"27",2015-09-13,"Celta","Las Palmas",3,3,"D"
"28",2015-09-13,"Granada","Villarreal",1,3,"A"
"29",2015-09-13,"Malaga","Eibar",0,0,"D"
"30",2015-09-14,"Vallecano","La Coruna",1,3,"A"
"31",2015-09-18,"Getafe","Malaga",1,0,"H"
"32",2015-09-19,"Eibar","Ath Madrid",0,2,"A"
"33",2015-09-19,"Real Madrid","Granada",1,0,"H"
"34",2015-09-19,"Sociedad","Espanol",2,3,"A"
"35",2015-09-19,"Valencia","Betis",0,0,"D"
"36",2015-09-20,"Barcelona","Levante",4,1,"H"
"37",2015-09-20,"La Coruna","Sp Gijon",2,3,"A"
"38",2015-09-20,"Las Palmas","Vallecano",0,1,"A"
"39",2015-09-20,"Sevilla","Celta",1,2,"A"
"40",2015-09-20,"Villarreal","Ath Bilbao",3,1,"H"
"41",2015-09-22,"Ath Madrid","Getafe",2,0,"H"
"42",2015-09-22,"Espanol","Valencia",1,0,"H"
"43",2015-09-22,"Granada","Sociedad",0,3,"A"
"44",2015-09-23,"Ath Bilbao","Real Madrid",1,2,"A"
"45",2015-09-23,"Celta","Barcelona",4,1,"H"
"46",2015-09-23,"Las Palmas","Sevilla",2,0,"H"
"47",2015-09-23,"Levante","Eibar",2,2,"D"
"48",2015-09-23,"Malaga","Villarreal",0,1,"A"
"49",2015-09-23,"Vallecano","Sp Gijon",2,1,"H"
"50",2015-09-24,"Betis","La Coruna",1,2,"A"
"51",2015-09-25,"Valencia","Granada",1,0,"H"
"52",2015-09-26,"Barcelona","Las Palmas",2,1,"H"
"53",2015-09-26,"Eibar","Celta",1,1,"D"
"54",2015-09-26,"Real Madrid","Malaga",0,0,"D"
"55",2015-09-26,"Sevilla","Vallecano",3,2,"H"
"56",2015-09-26,"Villarreal","Ath Madrid",1,0,"H"
"57",2015-09-27,"Getafe","Levante",3,0,"H"
"58",2015-09-27,"La Coruna","Espanol",3,0,"H"
"59",2015-09-27,"Sociedad","Ath Bilbao",0,0,"D"
"60",2015-09-27,"Sp Gijon","Betis",1,2,"A"
"61",2015-10-02,"Celta","Getafe",0,0,"D"
"62",2015-10-03,"Espanol","Sp Gijon",1,2,"A"
"63",2015-10-03,"Granada","La Coruna",1,1,"D"
"64",2015-10-03,"Las Palmas","Eibar",0,2,"A"
"65",2015-10-03,"Malaga","Sociedad",3,1,"H"
"66",2015-10-03,"Sevilla","Barcelona",2,1,"H"
"67",2015-10-04,"Ath Bilbao","Valencia",3,1,"H"
"68",2015-10-04,"Ath Madrid","Real Madrid",1,1,"D"
"69",2015-10-04,"Levante","Villarreal",1,0,"H"
"70",2015-10-04,"Vallecano","Betis",0,2,"A"
"71",2015-10-17,"Barcelona","Vallecano",5,2,"H"
"72",2015-10-17,"Betis","Espanol",1,3,"A"
"73",2015-10-17,"Eibar","Sevilla",1,1,"D"
"74",2015-10-17,"Real Madrid","Levante",3,0,"H"
"75",2015-10-17,"Valencia","Malaga",3,0,"H"
"76",2015-10-18,"Getafe","Las Palmas",4,0,"H"
"77",2015-10-18,"La Coruna","Ath Bilbao",2,2,"D"
"78",2015-10-18,"Sociedad","Ath Madrid",0,2,"A"
"79",2015-10-18,"Villarreal","Celta",1,2,"A"
"80",2015-10-19,"Sp Gijon","Granada",3,3,"D"
"81",2015-10-23,"Vallecano","Espanol",3,0,"H"
"82",2015-10-24,"Celta","Real Madrid",1,3,"A"
"83",2015-10-24,"Granada","Betis",1,1,"D"
"84",2015-10-24,"Malaga","La Coruna",2,0,"H"
"85",2015-10-24,"Sevilla","Getafe",5,0,"H"
"86",2015-10-25,"Ath Madrid","Valencia",2,1,"H"
"87",2015-10-25,"Barcelona","Eibar",3,1,"H"
"88",2015-10-25,"Las Palmas","Villarreal",0,0,"D"
"89",2015-10-25,"Levante","Sociedad",0,4,"A"
"90",2015-10-26,"Ath Bilbao","Sp Gijon",3,0,"H"
"91",2015-10-30,"La Coruna","Ath Madrid",1,1,"D"
"92",2015-10-31,"Getafe","Barcelona",0,2,"A"
"93",2015-10-31,"Real Madrid","Las Palmas",3,1,"H"
"94",2015-10-31,"Sociedad","Celta",2,3,"A"
"95",2015-10-31,"Valencia","Levante",3,0,"H"
"96",2015-10-31,"Villarreal","Sevilla",2,1,"H"
"97",2015-11-01,"Betis","Ath Bilbao",1,3,"A"
"98",2015-11-01,"Eibar","Vallecano",1,0,"H"
"99",2015-11-01,"Espanol","Granada",1,1,"D"
"100",2015-11-01,"Sp Gijon","Malaga",1,0,"H"
"101",2015-11-06,"Las Palmas","Sociedad",2,0,"H"
"102",2015-11-07,"Celta","Valencia",1,5,"A"
"103",2015-11-07,"Eibar","Getafe",3,1,"H"
"104",2015-11-07,"Levante","La Coruna",1,1,"D"
"105",2015-11-07,"Malaga","Betis",0,1,"A"
"106",2015-11-07,"Vallecano","Granada",2,1,"H"
"107",2015-11-08,"Ath Bilbao","Espanol",2,1,"H"
"108",2015-11-08,"Ath Madrid","Sp Gijon",1,0,"H"
"109",2015-11-08,"Barcelona","Villarreal",3,0,"H"
"110",2015-11-08,"Sevilla","Real Madrid",3,2,"H"
"111",2015-11-21,"Espanol","Malaga",2,0,"H"
"112",2015-11-21,"La Coruna","Celta",2,0,"H"
"113",2015-11-21,"Real Madrid","Barcelona",0,4,"A"
"114",2015-11-21,"Sociedad","Sevilla",2,0,"H"
"115",2015-11-21,"Valencia","Las Palmas",1,1,"D"
"116",2015-11-22,"Betis","Ath Madrid",0,1,"A"
"117",2015-11-22,"Granada","Ath Bilbao",2,0,"H"
"118",2015-11-22,"Sp Gijon","Levante",0,3,"A"
"119",2015-11-22,"Villarreal","Eibar",1,1,"D"
"120",2015-11-23,"Getafe","Vallecano",1,1,"D"
"121",2015-11-27,"Levante","Betis",0,1,"A"
"122",2015-11-28,"Ath Madrid","Espanol",1,0,"H"
"123",2015-11-28,"Barcelona","Sociedad",4,0,"H"
"124",2015-11-28,"Celta","Sp Gijon",2,1,"H"
"125",2015-11-28,"Las Palmas","La Coruna",0,2,"A"
"126",2015-11-28,"Malaga","Granada",2,2,"D"
"127",2015-11-29,"Eibar","Real Madrid",0,2,"A"
"128",2015-11-29,"Getafe","Villarreal",2,0,"H"
"129",2015-11-29,"Sevilla","Valencia",1,0,"H"
"130",2015-11-29,"Vallecano","Ath Bilbao",0,3,"A"
"131",2015-12-05,"Betis","Celta",1,1,"D"
"132",2015-12-05,"Granada","Ath Madrid",0,2,"A"
"133",2015-12-05,"La Coruna","Sevilla",1,1,"D"
"134",2015-12-05,"Real Madrid","Getafe",4,1,"H"
"135",2015-12-05,"Valencia","Barcelona",1,1,"D"
"136",2015-12-06,"Ath Bilbao","Malaga",0,0,"D"
"137",2015-12-06,"Sociedad","Eibar",2,1,"H"
"138",2015-12-06,"Sp Gijon","Las Palmas",3,1,"H"
"139",2015-12-06,"Villarreal","Vallecano",2,1,"H"
"140",2015-12-07,"Espanol","Levante",1,1,"D"
"141",2015-12-11,"Getafe","Sociedad",1,1,"D"
"142",2015-12-12,"Barcelona","La Coruna",2,2,"D"
"143",2015-12-12,"Celta","Espanol",1,0,"H"
"144",2015-12-12,"Las Palmas","Betis",1,0,"H"
"145",2015-12-12,"Levante","Granada",1,2,"A"
"146",2015-12-12,"Sevilla","Sp Gijon",2,0,"H"
"147",2015-12-13,"Ath Madrid","Ath Bilbao",2,1,"H"
"148",2015-12-13,"Eibar","Valencia",1,1,"D"
"149",2015-12-13,"Vallecano","Malaga",1,2,"A"
"150",2015-12-13,"Villarreal","Real Madrid",1,0,"H"
"151",2015-12-19,"Betis","Sevilla",0,0,"D"
"152",2015-12-19,"Espanol","Las Palmas",1,0,"H"
"153",2015-12-19,"La Coruna","Eibar",2,0,"H"
"154",2015-12-19,"Valencia","Getafe",2,2,"D"
"155",2015-12-20,"Ath Bilbao","Levante",2,0,"H"
"156",2015-12-20,"Granada","Celta",0,2,"A"
"157",2015-12-20,"Malaga","Ath Madrid",1,0,"H"
"158",2015-12-20,"Real Madrid","Vallecano",10,2,"H"
"159",2015-12-20,"Sociedad","Villarreal",0,2,"A"
"160",2015-12-30,"Barcelona","Betis",4,0,"H"
"161",2015-12-30,"Celta","Ath Bilbao",0,1,"A"
"162",2015-12-30,"Eibar","Sp Gijon",2,0,"H"
"163",2015-12-30,"Getafe","La Coruna",0,0,"D"
"164",2015-12-30,"Las Palmas","Granada",4,1,"H"
"165",2015-12-30,"Levante","Malaga",0,1,"A"
"166",2015-12-30,"Real Madrid","Sociedad",3,1,"H"
"167",2015-12-30,"Sevilla","Espanol",2,0,"H"
"168",2015-12-30,"Vallecano","Ath Madrid",0,2,"A"
"169",2015-12-31,"Villarreal","Valencia",1,0,"H"
"170",2016-01-02,"Ath Madrid","Levante",1,0,"H"
"171",2016-01-02,"Espanol","Barcelona",0,0,"D"
"172",2016-01-02,"Malaga","Celta",2,0,"H"
"173",2016-01-03,"Ath Bilbao","Las Palmas",2,2,"D"
"174",2016-01-03,"Betis","Eibar",0,4,"A"
"175",2016-01-03,"Granada","Sevilla",2,1,"H"
"176",2016-01-03,"La Coruna","Villarreal",1,2,"A"
"177",2016-01-03,"Valencia","Real Madrid",2,2,"D"
"178",2016-01-03,"Vallecano","Sociedad",2,2,"D"
"179",2016-01-04,"Sp Gijon","Getafe",1,2,"A"
"180",2016-01-09,"Barcelona","Granada",4,0,"H"
"181",2016-01-09,"Getafe","Betis",1,0,"H"
"182",2016-01-09,"Levante","Vallecano",2,1,"H"
"183",2016-01-09,"Real Madrid","La Coruna",5,0,"H"
"184",2016-01-09,"Sevilla","Ath Bilbao",2,0,"H"
"185",2016-01-10,"Celta","Ath Madrid",0,2,"A"
"186",2016-01-10,"Eibar","Espanol",2,1,"H"
"187",2016-01-10,"Las Palmas","Malaga",1,1,"D"
"188",2016-01-10,"Sociedad","Valencia",2,0,"H"
"189",2016-01-10,"Villarreal","Sp Gijon",2,0,"H"
"190",2016-01-16,"Celta","Levante",4,3,"H"
"191",2016-01-16,"Sevilla","Malaga",2,1,"H"
"192",2016-01-16,"Sociedad","La Coruna",1,1,"D"
"193",2016-01-16,"Villarreal","Betis",0,0,"D"
"194",2016-01-17,"Barcelona","Ath Bilbao",6,0,"H"
"195",2016-01-17,"Getafe","Espanol",3,1,"H"
"196",2016-01-17,"Las Palmas","Ath Madrid",0,3,"A"
"197",2016-01-17,"Real Madrid","Sp Gijon",5,1,"H"
"198",2016-01-17,"Valencia","Vallecano",2,2,"D"
"199",2016-01-18,"Eibar","Granada",5,1,"H"
"200",2016-01-22,"Sp Gijon","Sociedad",5,1,"H"
"201",2016-01-23,"Espanol","Villarreal",2,2,"D"
"202",2016-01-23,"Granada","Getafe",3,2,"H"
"203",2016-01-23,"Malaga","Barcelona",1,2,"A"
"204",2016-01-23,"Vallecano","Celta",3,0,"H"
"205",2016-01-24,"Ath Bilbao","Eibar",5,2,"H"
"206",2016-01-24,"Ath Madrid","Sevilla",0,0,"D"
"207",2016-01-24,"Betis","Real Madrid",1,1,"D"
"208",2016-01-24,"La Coruna","Valencia",1,1,"D"
"209",2016-01-25,"Levante","Las Palmas",3,2,"H"
"210",2016-01-30,"Barcelona","Ath Madrid",2,1,"H"
"211",2016-01-30,"Eibar","Malaga",1,2,"A"
"212",2016-01-30,"Getafe","Ath Bilbao",0,1,"A"
"213",2016-01-30,"Sociedad","Betis",2,1,"H"
"214",2016-01-30,"Villarreal","Granada",1,0,"H"
"215",2016-01-31,"Las Palmas","Celta",2,1,"H"
"216",2016-01-31,"Real Madrid","Espanol",6,0,"H"
"217",2016-01-31,"Sevilla","Levante",3,1,"H"
"218",2016-01-31,"Valencia","Sp Gijon",0,1,"A"
"219",2016-02-01,"La Coruna","Vallecano",2,2,"D"
"220",2016-02-05,"Malaga","Getafe",3,0,"H"
"221",2016-02-06,"Ath Bilbao","Villarreal",0,0,"D"
"222",2016-02-06,"Ath Madrid","Eibar",3,1,"H"
"223",2016-02-06,"Sp Gijon","La Coruna",1,1,"D"
"224",2016-02-06,"Vallecano","Las Palmas",2,0,"H"
"225",2016-02-07,"Betis","Valencia",1,0,"H"
"226",2016-02-07,"Celta","Sevilla",1,1,"D"
"227",2016-02-07,"Granada","Real Madrid",1,2,"A"
"228",2016-02-07,"Levante","Barcelona",0,2,"A"
"229",2016-02-08,"Espanol","Sociedad",0,5,"A"
"230",2016-02-12,"Sp Gijon","Vallecano",2,2,"D"
"231",2016-02-13,"La Coruna","Betis",2,2,"D"
"232",2016-02-13,"Real Madrid","Ath Bilbao",4,2,"H"
"233",2016-02-13,"Valencia","Espanol",2,1,"H"
"234",2016-02-13,"Villarreal","Malaga",1,0,"H"
"235",2016-02-14,"Barcelona","Celta",6,1,"H"
"236",2016-02-14,"Eibar","Levante",2,0,"H"
"237",2016-02-14,"Getafe","Ath Madrid",0,1,"A"
"238",2016-02-14,"Sevilla","Las Palmas",2,0,"H"
"239",2016-02-14,"Sociedad","Granada",3,0,"H"
"240",2016-02-17,"Sp Gijon","Barcelona",1,3,"A"
"241",2016-02-19,"Levante","Getafe",3,0,"H"
"242",2016-02-20,"Betis","Sp Gijon",1,1,"D"
"243",2016-02-20,"Celta","Eibar",3,2,"H"
"244",2016-02-20,"Espanol","La Coruna",1,0,"H"
"245",2016-02-20,"Las Palmas","Barcelona",1,2,"A"
"246",2016-02-21,"Ath Bilbao","Sociedad",0,1,"A"
"247",2016-02-21,"Ath Madrid","Villarreal",0,0,"D"
"248",2016-02-21,"Granada","Valencia",1,2,"A"
"249",2016-02-21,"Malaga","Real Madrid",1,1,"D"
"250",2016-02-21,"Vallecano","Sevilla",2,2,"D"
"251",2016-02-26,"Eibar","Las Palmas",0,1,"A"
"252",2016-02-27,"Betis","Vallecano",2,2,"D"
"253",2016-02-27,"Getafe","Celta",0,1,"A"
"254",2016-02-27,"Real Madrid","Ath Madrid",0,1,"A"
"255",2016-02-27,"Sociedad","Malaga",1,1,"D"
"256",2016-02-27,"Sp Gijon","Espanol",2,4,"A"
"257",2016-02-28,"Barcelona","Sevilla",2,1,"H"
"258",2016-02-28,"La Coruna","Granada",0,1,"A"
"259",2016-02-28,"Valencia","Ath Bilbao",0,3,"A"
"260",2016-02-28,"Villarreal","Levante",3,0,"H"
"261",2016-03-01,"Ath Madrid","Sociedad",3,0,"H"
"262",2016-03-01,"Las Palmas","Getafe",4,0,"H"
"263",2016-03-02,"Ath Bilbao","La Coruna",4,1,"H"
"264",2016-03-02,"Celta","Villarreal",0,0,"D"
"265",2016-03-02,"Levante","Real Madrid",1,3,"A"
"266",2016-03-02,"Malaga","Valencia",1,2,"A"
"267",2016-03-02,"Sevilla","Eibar",1,0,"H"
"268",2016-03-03,"Espanol","Betis",0,3,"A"
"269",2016-03-03,"Granada","Sp Gijon",2,0,"H"
"270",2016-03-03,"Vallecano","Barcelona",1,5,"A"
"271",2016-03-05,"Getafe","Sevilla",1,1,"D"
"272",2016-03-05,"La Coruna","Malaga",3,3,"D"
"273",2016-03-05,"Real Madrid","Celta",7,1,"H"
"274",2016-03-05,"Villarreal","Las Palmas",0,1,"A"
"275",2016-03-06,"Betis","Granada",2,0,"H"
"276",2016-03-06,"Eibar","Barcelona",0,4,"A"
"277",2016-03-06,"Sociedad","Levante",1,1,"D"
"278",2016-03-06,"Sp Gijon","Ath Bilbao",0,2,"A"
"279",2016-03-06,"Valencia","Ath Madrid",1,3,"A"
"280",2016-03-07,"Espanol","Vallecano",2,1,"H"
"281",2016-03-11,"Malaga","Sp Gijon",1,0,"H"
"282",2016-03-12,"Ath Madrid","La Coruna",3,0,"H"
"283",2016-03-12,"Barcelona","Getafe",6,0,"H"
"284",2016-03-12,"Celta","Sociedad",1,0,"H"
"285",2016-03-12,"Vallecano","Eibar",1,1,"D"
"286",2016-03-13,"Ath Bilbao","Betis",3,1,"H"
"287",2016-03-13,"Las Palmas","Real Madrid",1,2,"A"
"288",2016-03-13,"Levante","Valencia",1,0,"H"
"289",2016-03-13,"Sevilla","Villarreal",4,2,"H"
"290",2016-03-14,"Granada","Espanol",1,1,"D"
"291",2016-03-18,"Getafe","Eibar",1,1,"D"
"292",2016-03-19,"Betis","Malaga",0,1,"A"
"293",2016-03-19,"Granada","Vallecano",2,2,"D"
"294",2016-03-19,"La Coruna","Levante",2,1,"H"
"295",2016-03-19,"Sociedad","Las Palmas",0,1,"A"
"296",2016-03-19,"Sp Gijon","Ath Madrid",2,1,"H"
"297",2016-03-20,"Espanol","Ath Bilbao",2,1,"H"
"298",2016-03-20,"Real Madrid","Sevilla",4,0,"H"
"299",2016-03-20,"Valencia","Celta",0,2,"A"
"300",2016-03-20,"Villarreal","Barcelona",2,2,"D"
"301",2016-04-01,"Vallecano","Getafe",2,0,"H"
"302",2016-04-02,"Ath Madrid","Betis",5,1,"H"
"303",2016-04-02,"Barcelona","Real Madrid",1,2,"A"
"304",2016-04-02,"Celta","La Coruna",1,1,"D"
"305",2016-04-02,"Las Palmas","Valencia",2,1,"H"
"306",2016-04-03,"Ath Bilbao","Granada",1,1,"D"
"307",2016-04-03,"Eibar","Villarreal",1,2,"A"
"308",2016-04-03,"Malaga","Espanol",1,1,"D"
"309",2016-04-03,"Sevilla","Sociedad",1,2,"A"
"310",2016-04-04,"Levante","Sp Gijon",0,0,"D"
"311",2016-04-08,"Granada","Malaga",0,0,"D"
"312",2016-04-09,"Betis","Levante",1,0,"H"
"313",2016-04-09,"Espanol","Ath Madrid",1,3,"A"
"314",2016-04-09,"Real Madrid","Eibar",4,0,"H"
"315",2016-04-09,"Sociedad","Barcelona",1,0,"H"
"316",2016-04-10,"Ath Bilbao","Vallecano",1,0,"H"
"317",2016-04-10,"Sp Gijon","Celta",0,1,"A"
"318",2016-04-10,"Valencia","Sevilla",2,1,"H"
"319",2016-04-10,"Villarreal","Getafe",2,0,"H"
"320",2016-04-11,"La Coruna","Las Palmas",1,3,"A"
"321",2016-04-15,"Levante","Espanol",2,1,"H"
"322",2016-04-16,"Celta","Betis",1,1,"D"
"323",2016-04-16,"Eibar","Sociedad",2,1,"H"
"324",2016-04-16,"Getafe","Real Madrid",1,5,"A"
"325",2016-04-16,"Las Palmas","Sp Gijon",1,1,"D"
"326",2016-04-17,"Ath Madrid","Granada",3,0,"H"
"327",2016-04-17,"Barcelona","Valencia",1,2,"A"
"328",2016-04-17,"Malaga","Ath Bilbao",0,1,"A"
"329",2016-04-17,"Sevilla","La Coruna",1,1,"D"
"330",2016-04-17,"Vallecano","Villarreal",2,1,"H"
"331",2016-04-19,"Betis","Las Palmas",1,0,"H"
"332",2016-04-19,"Espanol","Celta",1,1,"D"
"333",2016-04-20,"Ath Bilbao","Ath Madrid",0,1,"A"
"334",2016-04-20,"La Coruna","Barcelona",0,8,"A"
"335",2016-04-20,"Malaga","Vallecano",1,1,"D"
"336",2016-04-20,"Real Madrid","Villarreal",3,0,"H"
"337",2016-04-20,"Sp Gijon","Sevilla",2,1,"H"
"338",2016-04-20,"Valencia","Eibar",4,0,"H"
"339",2016-04-21,"Granada","Levante",5,1,"H"
"340",2016-04-21,"Sociedad","Getafe",1,2,"A"
"341",2016-04-22,"Las Palmas","Espanol",4,0,"H"
"342",2016-04-23,"Ath Madrid","Malaga",1,0,"H"
"343",2016-04-23,"Barcelona","Sp Gijon",6,0,"H"
"344",2016-04-23,"Eibar","La Coruna",1,1,"D"
"345",2016-04-23,"Vallecano","Real Madrid",2,3,"A"
"346",2016-04-24,"Getafe","Valencia",2,2,"D"
"347",2016-04-24,"Levante","Ath Bilbao",2,2,"D"
"348",2016-04-24,"Sevilla","Betis",2,0,"H"
"349",2016-04-24,"Villarreal","Sociedad",0,0,"D"
"350",2016-04-25,"Celta","Granada",2,1,"H"
"351",2016-04-29,"Sp Gijon","Eibar",2,0,"H"
"352",2016-04-30,"Ath Madrid","Vallecano",1,0,"H"
"353",2016-04-30,"Betis","Barcelona",0,2,"A"
"354",2016-04-30,"Granada","Las Palmas",3,2,"H"
"355",2016-04-30,"Sociedad","Real Madrid",0,1,"A"
"356",2016-05-01,"Ath Bilbao","Celta",2,1,"H"
"357",2016-05-01,"Espanol","Sevilla",1,0,"H"
"358",2016-05-01,"La Coruna","Getafe",0,2,"A"
"359",2016-05-01,"Valencia","Villarreal",0,2,"A"
"360",2016-05-02,"Malaga","Levante",3,1,"H"
"361",2016-05-08,"Barcelona","Espanol",5,0,"H"
"362",2016-05-08,"Celta","Malaga",1,0,"H"
"363",2016-05-08,"Eibar","Betis",1,1,"D"
"364",2016-05-08,"Getafe","Sp Gijon",1,1,"D"
"365",2016-05-08,"Las Palmas","Ath Bilbao",0,0,"D"
"366",2016-05-08,"Levante","Ath Madrid",2,1,"H"
"367",2016-05-08,"Real Madrid","Valencia",3,2,"H"
"368",2016-05-08,"Sevilla","Granada",1,4,"A"
"369",2016-05-08,"Sociedad","Vallecano",2,1,"H"
"370",2016-05-08,"Villarreal","La Coruna",0,2,"A"
"371",2016-05-13,"Valencia","Sociedad",0,1,"A"
"372",2016-05-14,"Ath Bilbao","Sevilla",3,1,"H"
"373",2016-05-14,"Ath Madrid","Celta",2,0,"H"
"374",2016-05-14,"Granada","Barcelona",0,3,"A"
"375",2016-05-14,"La Coruna","Real Madrid",0,2,"A"
"376",2016-05-15,"Betis","Getafe",2,1,"H"
"377",2016-05-15,"Espanol","Eibar",4,2,"H"
"378",2016-05-15,"Malaga","Las Palmas",4,1,"H"
"379",2016-05-15,"Sp Gijon","Villarreal",2,0,"H"
"380",2016-05-15,"Vallecano","Levante",3,1,"H"
"381",2016-08-19,"La Coruna","Eibar",2,1,"H"
"382",2016-08-19,"Malaga","Osasuna",1,1,"D"
"383",2016-08-20,"Barcelona","Betis",6,2,"H"
"384",2016-08-20,"Granada","Villarreal",1,1,"D"
"385",2016-08-20,"Sevilla","Espanol",6,4,"H"
"386",2016-08-21,"Ath Madrid","Alaves",1,1,"D"
"387",2016-08-21,"Sociedad","Real Madrid",0,3,"A"
"388",2016-08-21,"Sp Gijon","Ath Bilbao",2,1,"H"
"389",2016-08-22,"Celta","Leganes",0,1,"A"
"390",2016-08-22,"Valencia","Las Palmas",2,4,"A"
"391",2016-08-26,"Betis","La Coruna",0,0,"D"
"392",2016-08-26,"Espanol","Malaga",2,2,"D"
"393",2016-08-27,"Eibar","Valencia",1,0,"H"
"394",2016-08-27,"Leganes","Ath Madrid",0,0,"D"
"395",2016-08-27,"Osasuna","Sociedad",0,2,"A"
"396",2016-08-27,"Real Madrid","Celta",2,1,"H"
"397",2016-08-28,"Alaves","Sp Gijon",0,0,"D"
"398",2016-08-28,"Ath Bilbao","Barcelona",0,1,"A"
"399",2016-08-28,"Las Palmas","Granada",5,1,"H"
"400",2016-08-28,"Villarreal","Sevilla",0,0,"D"
"401",2016-09-09,"Sociedad","Espanol",1,1,"D"
"402",2016-09-10,"Barcelona","Alaves",1,2,"A"
"403",2016-09-10,"Celta","Ath Madrid",0,4,"A"
"404",2016-09-10,"Malaga","Villarreal",0,2,"A"
"405",2016-09-10,"Real Madrid","Osasuna",5,2,"H"
"406",2016-09-10,"Sevilla","Las Palmas",2,1,"H"
"407",2016-09-11,"Granada","Eibar",1,2,"A"
"408",2016-09-11,"La Coruna","Ath Bilbao",0,1,"A"
"409",2016-09-11,"Sp Gijon","Leganes",2,1,"H"
"410",2016-09-11,"Valencia","Betis",2,3,"A"
"411",2016-09-16,"Betis","Granada",2,2,"D"
"412",2016-09-17,"Ath Madrid","Sp Gijon",5,0,"H"
"413",2016-09-17,"Eibar","Sevilla",1,1,"D"
"414",2016-09-17,"Las Palmas","Malaga",1,0,"H"
"415",2016-09-17,"Leganes","Barcelona",1,5,"A"
"416",2016-09-18,"Ath Bilbao","Valencia",2,1,"H"
"417",2016-09-18,"Espanol","Real Madrid",0,2,"A"
"418",2016-09-18,"Osasuna","Celta",0,0,"D"
"419",2016-09-18,"Villarreal","Sociedad",2,1,"H"
"420",2016-09-19,"Alaves","La Coruna",0,0,"D"
"421",2016-09-20,"Malaga","Eibar",2,1,"H"
"422",2016-09-20,"Sevilla","Betis",1,0,"H"
"423",2016-09-21,"Barcelona","Ath Madrid",1,1,"D"
"424",2016-09-21,"Celta","Sp Gijon",2,1,"H"
"425",2016-09-21,"Granada","Ath Bilbao",1,2,"A"
"426",2016-09-21,"Real Madrid","Villarreal",1,1,"D"
"427",2016-09-21,"Sociedad","Las Palmas",4,1,"H"
"428",2016-09-22,"La Coruna","Leganes",1,2,"A"
"429",2016-09-22,"Osasuna","Espanol",1,2,"A"
"430",2016-09-22,"Valencia","Alaves",2,1,"H"
"431",2016-09-23,"Betis","Malaga",1,0,"H"
"432",2016-09-24,"Ath Bilbao","Sevilla",3,1,"H"
"433",2016-09-24,"Eibar","Sociedad",2,0,"H"
"434",2016-09-24,"Las Palmas","Real Madrid",2,2,"D"
"435",2016-09-24,"Sp Gijon","Barcelona",0,5,"A"
"436",2016-09-25,"Ath Madrid","La Coruna",1,0,"H"
"437",2016-09-25,"Espanol","Celta",0,2,"A"
"438",2016-09-25,"Leganes","Valencia",1,2,"A"
"439",2016-09-25,"Villarreal","Osasuna",3,1,"H"
"440",2016-09-26,"Alaves","Granada",3,1,"H"
"441",2016-09-30,"Sociedad","Betis",1,0,"H"
"442",2016-10-01,"Granada","Leganes",0,1,"A"
"443",2016-10-01,"La Coruna","Sp Gijon",2,1,"H"
"444",2016-10-01,"Osasuna","Las Palmas",2,2,"D"
"445",2016-10-01,"Sevilla","Alaves",2,1,"H"
"446",2016-10-02,"Celta","Barcelona",4,3,"H"
"447",2016-10-02,"Espanol","Villarreal",0,0,"D"
"448",2016-10-02,"Malaga","Ath Bilbao",2,1,"H"
"449",2016-10-02,"Real Madrid","Eibar",1,1,"D"
"450",2016-10-02,"Valencia","Ath Madrid",0,2,"A"
"451",2016-10-14,"Las Palmas","Espanol",0,0,"D"
"452",2016-10-15,"Ath Madrid","Granada",7,1,"H"
"453",2016-10-15,"Barcelona","La Coruna",4,0,"H"
"454",2016-10-15,"Betis","Real Madrid",1,6,"A"
"455",2016-10-15,"Leganes","Sevilla",2,3,"A"
"456",2016-10-16,"Alaves","Malaga",1,1,"D"
"457",2016-10-16,"Ath Bilbao","Sociedad",3,2,"H"
"458",2016-10-16,"Sp Gijon","Valencia",1,2,"A"
"459",2016-10-16,"Villarreal","Celta",5,0,"H"
"460",2016-10-17,"Eibar","Osasuna",2,3,"A"
"461",2016-10-21,"Osasuna","Betis",1,2,"A"
"462",2016-10-22,"Espanol","Eibar",3,3,"D"
"463",2016-10-22,"Granada","Sp Gijon",0,0,"D"
"464",2016-10-22,"Sociedad","Alaves",3,0,"H"
"465",2016-10-22,"Valencia","Barcelona",2,3,"A"
"466",2016-10-23,"Celta","La Coruna",4,1,"H"
"467",2016-10-23,"Malaga","Leganes",4,0,"H"
"468",2016-10-23,"Real Madrid","Ath Bilbao",2,1,"H"
"469",2016-10-23,"Sevilla","Ath Madrid",1,0,"H"
"470",2016-10-23,"Villarreal","Las Palmas",2,1,"H"
"471",2016-10-28,"Leganes","Sociedad",0,2,"A"
"472",2016-10-29,"Alaves","Real Madrid",1,4,"A"
"473",2016-10-29,"Ath Madrid","Malaga",4,2,"H"
"474",2016-10-29,"Barcelona","Granada",1,0,"H"
"475",2016-10-29,"Sp Gijon","Sevilla",1,1,"D"
"476",2016-10-30,"Ath Bilbao","Osasuna",1,1,"D"
"477",2016-10-30,"Betis","Espanol",0,1,"A"
"478",2016-10-30,"Eibar","Villarreal",2,1,"H"
"479",2016-10-30,"Las Palmas","Celta",3,3,"D"
"480",2016-10-31,"La Coruna","Valencia",1,1,"D"
"481",2016-11-04,"Malaga","Sp Gijon",3,2,"H"
"482",2016-11-05,"Granada","La Coruna",1,1,"D"
"483",2016-11-05,"Las Palmas","Eibar",1,0,"H"
"484",2016-11-05,"Osasuna","Alaves",0,1,"A"
"485",2016-11-05,"Sociedad","Ath Madrid",2,0,"H"
"486",2016-11-06,"Celta","Valencia",2,1,"H"
"487",2016-11-06,"Espanol","Ath Bilbao",0,0,"D"
"488",2016-11-06,"Real Madrid","Leganes",3,0,"H"
"489",2016-11-06,"Sevilla","Barcelona",1,2,"A"
"490",2016-11-06,"Villarreal","Betis",2,0,"H"
"491",2016-11-18,"Betis","Las Palmas",2,0,"H"
"492",2016-11-19,"Ath Madrid","Real Madrid",0,3,"A"
"493",2016-11-19,"Barcelona","Malaga",0,0,"D"
"494",2016-11-19,"Eibar","Celta",1,0,"H"
"495",2016-11-19,"La Coruna","Sevilla",2,3,"A"
"496",2016-11-20,"Alaves","Espanol",0,1,"A"
"497",2016-11-20,"Ath Bilbao","Villarreal",1,0,"H"
"498",2016-11-20,"Sp Gijon","Sociedad",1,3,"A"
"499",2016-11-20,"Valencia","Granada",1,1,"D"
"500",2016-11-21,"Leganes","Osasuna",2,0,"H"
"501",2016-11-25,"Eibar","Betis",3,1,"H"
"502",2016-11-26,"Espanol","Leganes",3,0,"H"
"503",2016-11-26,"Malaga","La Coruna",4,3,"H"
"504",2016-11-26,"Real Madrid","Sp Gijon",2,1,"H"
"505",2016-11-26,"Sevilla","Valencia",2,1,"H"
"506",2016-11-27,"Celta","Granada",3,1,"H"
"507",2016-11-27,"Osasuna","Ath Madrid",0,3,"A"
"508",2016-11-27,"Sociedad","Barcelona",1,1,"D"
"509",2016-11-27,"Villarreal","Alaves",0,2,"A"
"510",2016-11-28,"Las Palmas","Ath Bilbao",3,1,"H"
"511",2016-12-03,"Ath Madrid","Espanol",0,0,"D"
"512",2016-12-03,"Barcelona","Real Madrid",1,1,"D"
"513",2016-12-03,"Granada","Sevilla",2,1,"H"
"514",2016-12-03,"Leganes","Villarreal",0,0,"D"
"515",2016-12-04,"Alaves","Las Palmas",1,1,"D"
"516",2016-12-04,"Ath Bilbao","Eibar",3,1,"H"
"517",2016-12-04,"Betis","Celta",3,3,"D"
"518",2016-12-04,"Sp Gijon","Osasuna",3,1,"H"
"519",2016-12-04,"Valencia","Malaga",2,2,"D"
"520",2016-12-05,"La Coruna","Sociedad",5,1,"H"
"521",2016-12-09,"Malaga","Granada",1,1,"D"
"522",2016-12-10,"Las Palmas","Leganes",1,1,"D"
"523",2016-12-10,"Osasuna","Barcelona",0,3,"A"
"524",2016-12-10,"Real Madrid","La Coruna",3,2,"H"
"525",2016-12-10,"Sociedad","Valencia",3,2,"H"
"526",2016-12-11,"Betis","Ath Bilbao",1,0,"H"
"527",2016-12-11,"Celta","Sevilla",0,3,"A"
"528",2016-12-11,"Eibar","Alaves",0,0,"D"
"529",2016-12-11,"Espanol","Sp Gijon",2,1,"H"
"530",2016-12-12,"Villarreal","Ath Madrid",3,0,"H"
"531",2016-12-16,"Alaves","Betis",1,0,"H"
"532",2016-12-17,"Ath Madrid","Las Palmas",1,0,"H"
"533",2016-12-17,"Granada","Sociedad",0,2,"A"
"534",2016-12-17,"Sevilla","Malaga",4,1,"H"
"535",2016-12-17,"Sp Gijon","Villarreal",1,3,"A"
"536",2016-12-18,"Barcelona","Espanol",4,1,"H"
"537",2016-12-18,"La Coruna","Osasuna",2,0,"H"
"538",2016-12-18,"Leganes","Eibar",1,1,"D"
"539",2016-12-19,"Ath Bilbao","Celta",2,1,"H"
"540",2017-01-06,"Espanol","La Coruna",1,1,"D"
"541",2017-01-07,"Eibar","Ath Madrid",0,2,"A"
"542",2017-01-07,"Las Palmas","Sp Gijon",1,0,"H"
"543",2017-01-07,"Real Madrid","Granada",5,0,"H"
"544",2017-01-07,"Sociedad","Sevilla",0,4,"A"
"545",2017-01-08,"Ath Bilbao","Alaves",0,0,"D"
"546",2017-01-08,"Betis","Leganes",2,0,"H"
"547",2017-01-08,"Celta","Malaga",3,1,"H"
"548",2017-01-08,"Villarreal","Barcelona",1,1,"D"
"549",2017-01-09,"Osasuna","Valencia",3,3,"D"
"550",2017-01-14,"Ath Madrid","Betis",1,0,"H"
"551",2017-01-14,"Barcelona","Las Palmas",5,0,"H"
"552",2017-01-14,"La Coruna","Villarreal",0,0,"D"
"553",2017-01-14,"Leganes","Ath Bilbao",0,0,"D"
"554",2017-01-15,"Celta","Alaves",1,0,"H"
"555",2017-01-15,"Granada","Osasuna",1,1,"D"
"556",2017-01-15,"Sevilla","Real Madrid",2,1,"H"
"557",2017-01-15,"Sp Gijon","Eibar",2,3,"A"
"558",2017-01-15,"Valencia","Espanol",2,1,"H"
"559",2017-01-16,"Malaga","Sociedad",0,2,"A"
"560",2017-01-20,"Las Palmas","La Coruna",1,1,"D"
"561",2017-01-21,"Alaves","Leganes",2,2,"D"
"562",2017-01-21,"Espanol","Granada",3,1,"H"
"563",2017-01-21,"Real Madrid","Malaga",2,1,"H"
"564",2017-01-21,"Villarreal","Valencia",0,2,"A"
"565",2017-01-22,"Ath Bilbao","Ath Madrid",2,2,"D"
"566",2017-01-22,"Betis","Sp Gijon",0,0,"D"
"567",2017-01-22,"Eibar","Barcelona",0,4,"A"
"568",2017-01-22,"Osasuna","Sevilla",3,4,"A"
"569",2017-01-22,"Sociedad","Celta",1,0,"H"
"570",2017-01-27,"Osasuna","Malaga",1,1,"D"
"571",2017-01-28,"Alaves","Ath Madrid",0,0,"D"
"572",2017-01-28,"Eibar","La Coruna",3,1,"H"
"573",2017-01-28,"Leganes","Celta",0,2,"A"
"574",2017-01-28,"Villarreal","Granada",2,0,"H"
"575",2017-01-29,"Ath Bilbao","Sp Gijon",2,1,"H"
"576",2017-01-29,"Betis","Barcelona",1,1,"D"
"577",2017-01-29,"Espanol","Sevilla",3,1,"H"
"578",2017-01-29,"Real Madrid","Sociedad",3,0,"H"
"579",2017-01-30,"Las Palmas","Valencia",3,1,"H"
"580",2017-02-04,"Ath Madrid","Leganes",2,0,"H"
"581",2017-02-04,"Barcelona","Ath Bilbao",3,0,"H"
"582",2017-02-04,"Malaga","Espanol",0,1,"A"
"583",2017-02-04,"Valencia","Eibar",0,4,"A"
"584",2017-02-05,"Sevilla","Villarreal",0,0,"D"
"585",2017-02-05,"Sociedad","Osasuna",3,2,"H"
"586",2017-02-05,"Sp Gijon","Alaves",2,4,"A"
"587",2017-02-06,"Granada","Las Palmas",1,0,"H"
"588",2017-02-10,"Espanol","Sociedad",1,2,"A"
"589",2017-02-11,"Alaves","Barcelona",0,6,"A"
"590",2017-02-11,"Ath Bilbao","La Coruna",2,1,"H"
"591",2017-02-11,"Betis","Valencia",0,0,"D"
"592",2017-02-11,"Osasuna","Real Madrid",1,3,"A"
"593",2017-02-12,"Ath Madrid","Celta",3,2,"H"
"594",2017-02-12,"Las Palmas","Sevilla",0,1,"A"
"595",2017-02-12,"Leganes","Sp Gijon",0,2,"A"
"596",2017-02-12,"Villarreal","Malaga",1,1,"D"
"597",2017-02-13,"Eibar","Granada",4,0,"H"
"598",2017-02-17,"Granada","Betis",4,1,"H"
"599",2017-02-18,"La Coruna","Alaves",0,1,"A"
"600",2017-02-18,"Real Madrid","Espanol",2,0,"H"
"601",2017-02-18,"Sevilla","Eibar",2,0,"H"
"602",2017-02-18,"Sp Gijon","Ath Madrid",1,4,"A"
"603",2017-02-19,"Barcelona","Leganes",2,1,"H"
"604",2017-02-19,"Celta","Osasuna",3,0,"H"
"605",2017-02-19,"Sociedad","Villarreal",0,1,"A"
"606",2017-02-19,"Valencia","Ath Bilbao",2,0,"H"
"607",2017-02-20,"Malaga","Las Palmas",2,1,"H"
"608",2017-02-22,"Valencia","Real Madrid",2,1,"H"
"609",2017-02-24,"Las Palmas","Sociedad",0,1,"A"
"610",2017-02-25,"Alaves","Valencia",2,1,"H"
"611",2017-02-25,"Betis","Sevilla",1,2,"A"
"612",2017-02-25,"Eibar","Malaga",3,0,"H"
"613",2017-02-25,"Leganes","La Coruna",4,0,"H"
"614",2017-02-26,"Ath Bilbao","Granada",3,1,"H"
"615",2017-02-26,"Ath Madrid","Barcelona",1,2,"A"
"616",2017-02-26,"Espanol","Osasuna",3,0,"H"
"617",2017-02-26,"Sp Gijon","Celta",1,1,"D"
"618",2017-02-26,"Villarreal","Real Madrid",2,3,"A"
"619",2017-02-28,"Malaga","Betis",1,2,"A"
"620",2017-02-28,"Sociedad","Eibar",2,2,"D"
"621",2017-02-28,"Valencia","Leganes",1,0,"H"
"622",2017-03-01,"Barcelona","Sp Gijon",6,1,"H"
"623",2017-03-01,"Celta","Espanol",2,2,"D"
"624",2017-03-01,"Granada","Alaves",2,1,"H"
"625",2017-03-01,"Osasuna","Villarreal",1,4,"A"
"626",2017-03-01,"Real Madrid","Las Palmas",3,3,"D"
"627",2017-03-02,"La Coruna","Ath Madrid",1,1,"D"
"628",2017-03-02,"Sevilla","Ath Bilbao",1,0,"H"
"629",2017-03-03,"Betis","Sociedad",2,3,"A"
"630",2017-03-04,"Barcelona","Celta",5,0,"H"
"631",2017-03-04,"Eibar","Real Madrid",1,4,"A"
"632",2017-03-04,"Leganes","Granada",1,0,"H"
"633",2017-03-04,"Villarreal","Espanol",2,0,"H"
"634",2017-03-05,"Ath Bilbao","Malaga",1,0,"H"
"635",2017-03-05,"Ath Madrid","Valencia",3,0,"H"
"636",2017-03-05,"Las Palmas","Osasuna",5,2,"H"
"637",2017-03-05,"Sp Gijon","La Coruna",0,1,"A"
"638",2017-03-06,"Alaves","Sevilla",1,1,"D"
"639",2017-03-08,"La Coruna","Betis",1,1,"D"
"640",2017-03-10,"Espanol","Las Palmas",4,3,"H"
"641",2017-03-11,"Granada","Ath Madrid",0,1,"A"
"642",2017-03-11,"Malaga","Alaves",1,2,"A"
"643",2017-03-11,"Sevilla","Leganes",1,1,"D"
"644",2017-03-11,"Valencia","Sp Gijon",1,1,"D"
"645",2017-03-12,"Celta","Villarreal",0,1,"A"
"646",2017-03-12,"La Coruna","Barcelona",2,1,"H"
"647",2017-03-12,"Real Madrid","Betis",2,1,"H"
"648",2017-03-12,"Sociedad","Ath Bilbao",0,2,"A"
"649",2017-03-13,"Osasuna","Eibar",1,1,"D"
"650",2017-03-17,"Las Palmas","Villarreal",1,0,"H"
"651",2017-03-18,"Alaves","Sociedad",1,0,"H"
"652",2017-03-18,"Ath Bilbao","Real Madrid",1,2,"A"
"653",2017-03-18,"Betis","Osasuna",2,0,"H"
"654",2017-03-18,"Eibar","Espanol",1,1,"D"
"655",2017-03-19,"Ath Madrid","Sevilla",3,1,"H"
"656",2017-03-19,"Barcelona","Valencia",4,2,"H"
"657",2017-03-19,"La Coruna","Celta",0,1,"A"
"658",2017-03-19,"Leganes","Malaga",0,0,"D"
"659",2017-03-19,"Sp Gijon","Granada",3,1,"H"
"660",2017-03-31,"Espanol","Betis",2,1,"H"
"661",2017-04-01,"Malaga","Ath Madrid",0,2,"A"
"662",2017-04-01,"Osasuna","Ath Bilbao",1,2,"A"
"663",2017-04-01,"Sociedad","Leganes",1,1,"D"
"664",2017-04-01,"Villarreal","Eibar",2,3,"A"
"665",2017-04-02,"Granada","Barcelona",1,4,"A"
"666",2017-04-02,"Real Madrid","Alaves",3,0,"H"
"667",2017-04-02,"Sevilla","Sp Gijon",0,0,"D"
"668",2017-04-02,"Valencia","La Coruna",3,0,"H"
"669",2017-04-03,"Celta","Las Palmas",3,1,"H"
"670",2017-04-04,"Ath Bilbao","Espanol",2,0,"H"
"671",2017-04-04,"Ath Madrid","Sociedad",1,0,"H"
"672",2017-04-04,"Betis","Villarreal",0,1,"A"
"673",2017-04-05,"Alaves","Osasuna",0,1,"A"
"674",2017-04-05,"Barcelona","Sevilla",3,0,"H"
"675",2017-04-05,"La Coruna","Granada",0,0,"D"
"676",2017-04-05,"Leganes","Real Madrid",2,4,"A"
"677",2017-04-05,"Sp Gijon","Malaga",0,1,"A"
"678",2017-04-06,"Eibar","Las Palmas",3,1,"H"
"679",2017-04-06,"Valencia","Celta",3,2,"H"
"680",2017-04-07,"Villarreal","Ath Bilbao",3,1,"H"
"681",2017-04-08,"Espanol","Alaves",1,0,"H"
"682",2017-04-08,"Malaga","Barcelona",2,0,"H"
"683",2017-04-08,"Real Madrid","Ath Madrid",1,1,"D"
"684",2017-04-08,"Sevilla","La Coruna",4,2,"H"
"685",2017-04-09,"Celta","Eibar",0,2,"A"
"686",2017-04-09,"Granada","Valencia",1,3,"A"
"687",2017-04-09,"Las Palmas","Betis",4,1,"H"
"688",2017-04-09,"Osasuna","Leganes",2,1,"H"
"689",2017-04-10,"Sociedad","Sp Gijon",3,1,"H"
"690",2017-04-14,"Ath Bilbao","Las Palmas",5,1,"H"
"691",2017-04-15,"Ath Madrid","Osasuna",3,0,"H"
"692",2017-04-15,"Barcelona","Sociedad",3,2,"H"
"693",2017-04-15,"La Coruna","Malaga",2,0,"H"
"694",2017-04-15,"Sp Gijon","Real Madrid",2,3,"A"
"695",2017-04-16,"Betis","Eibar",2,0,"H"
"696",2017-04-16,"Granada","Celta",0,3,"A"
"697",2017-04-16,"Leganes","Espanol",0,1,"A"
"698",2017-04-16,"Valencia","Sevilla",0,0,"D"
"699",2017-04-17,"Alaves","Villarreal",2,1,"H"
"700",2017-04-21,"Sevilla","Granada",2,0,"H"
"701",2017-04-22,"Espanol","Ath Madrid",0,1,"A"
"702",2017-04-22,"Malaga","Valencia",2,0,"H"
"703",2017-04-22,"Osasuna","Sp Gijon",2,2,"D"
"704",2017-04-22,"Villarreal","Leganes",2,1,"H"
"705",2017-04-23,"Celta","Betis",0,1,"A"
"706",2017-04-23,"Las Palmas","Alaves",1,1,"D"
"707",2017-04-23,"Real Madrid","Barcelona",2,3,"A"
"708",2017-04-23,"Sociedad","La Coruna",1,0,"H"
"709",2017-04-24,"Eibar","Ath Bilbao",0,1,"A"
"710",2017-04-25,"Ath Madrid","Villarreal",0,1,"A"
"711",2017-04-25,"Granada","Malaga",0,2,"A"
"712",2017-04-25,"Sp Gijon","Espanol",1,1,"D"
"713",2017-04-26,"Barcelona","Osasuna",7,1,"H"
"714",2017-04-26,"La Coruna","Real Madrid",2,6,"A"
"715",2017-04-26,"Leganes","Las Palmas",3,0,"H"
"716",2017-04-26,"Valencia","Sociedad",2,3,"A"
"717",2017-04-27,"Alaves","Eibar",0,0,"D"
"718",2017-04-27,"Ath Bilbao","Betis",2,1,"H"
"719",2017-04-27,"Sevilla","Celta",2,1,"H"
"720",2017-04-28,"Villarreal","Sp Gijon",3,1,"H"
"721",2017-04-29,"Espanol","Barcelona",0,3,"A"
"722",2017-04-29,"Las Palmas","Ath Madrid",0,5,"A"
"723",2017-04-29,"Real Madrid","Valencia",2,1,"H"
"724",2017-04-29,"Sociedad","Granada",2,1,"H"
"725",2017-04-30,"Betis","Alaves",1,4,"A"
"726",2017-04-30,"Celta","Ath Bilbao",0,3,"A"
"727",2017-04-30,"Eibar","Leganes",2,0,"H"
"728",2017-04-30,"Osasuna","La Coruna",2,2,"D"
"729",2017-05-01,"Malaga","Sevilla",4,2,"H"
"730",2017-05-05,"Sevilla","Sociedad",1,1,"D"
"731",2017-05-06,"Ath Madrid","Eibar",1,0,"H"
"732",2017-05-06,"Barcelona","Villarreal",4,1,"H"
"733",2017-05-06,"Granada","Real Madrid",0,4,"A"
"734",2017-05-06,"Sp Gijon","Las Palmas",1,0,"H"
"735",2017-05-07,"Alaves","Ath Bilbao",1,0,"H"
"736",2017-05-07,"La Coruna","Espanol",1,2,"A"
"737",2017-05-07,"Malaga","Celta",3,0,"H"
"738",2017-05-07,"Valencia","Osasuna",4,1,"H"
"739",2017-05-08,"Leganes","Betis",4,0,"H"
"740",2017-05-13,"Espanol","Valencia",0,1,"A"
"741",2017-05-13,"Osasuna","Granada",2,1,"H"
"742",2017-05-14,"Alaves","Celta",3,1,"H"
"743",2017-05-14,"Ath Bilbao","Leganes",1,1,"D"
"744",2017-05-14,"Betis","Ath Madrid",1,1,"D"
"745",2017-05-14,"Eibar","Sp Gijon",0,1,"A"
"746",2017-05-14,"Las Palmas","Barcelona",1,4,"A"
"747",2017-05-14,"Real Madrid","Sevilla",4,1,"H"
"748",2017-05-14,"Sociedad","Malaga",2,2,"D"
"749",2017-05-14,"Villarreal","La Coruna",0,0,"D"
"750",2017-05-17,"Celta","Real Madrid",1,4,"A"
"751",2017-05-19,"Granada","Espanol",1,2,"A"
"752",2017-05-20,"La Coruna","Las Palmas",3,0,"H"
"753",2017-05-20,"Leganes","Alaves",1,1,"D"
"754",2017-05-20,"Sevilla","Osasuna",5,0,"H"
"755",2017-05-20,"Sp Gijon","Betis",2,2,"D"
"756",2017-05-21,"Ath Madrid","Ath Bilbao",3,1,"H"
"757",2017-05-21,"Barcelona","Eibar",4,2,"H"
"758",2017-05-21,"Celta","Sociedad",2,2,"D"
"759",2017-05-21,"Malaga","Real Madrid",0,2,"A"
"760",2017-05-21,"Valencia","Villarreal",1,3,"A"
"761",2017-08-18,"Leganes","Alaves",1,0,"H"
"762",2017-08-18,"Valencia","Las Palmas",1,0,"H"
"763",2017-08-19,"Celta","Sociedad",2,3,"A"
"764",2017-08-19,"Girona","Ath Madrid",2,2,"D"
"765",2017-08-19,"Sevilla","Espanol",1,1,"D"
"766",2017-08-20,"Ath Bilbao","Getafe",0,0,"D"
"767",2017-08-20,"Barcelona","Betis",2,0,"H"
"768",2017-08-20,"La Coruna","Real Madrid",0,3,"A"
"769",2017-08-21,"Levante","Villarreal",1,0,"H"
"770",2017-08-21,"Malaga","Eibar",0,1,"A"
"771",2017-08-25,"Betis","Celta",2,1,"H"
"772",2017-08-25,"Sociedad","Villarreal",3,0,"H"
"773",2017-08-26,"Alaves","Barcelona",0,2,"A"
"774",2017-08-26,"Girona","Malaga",1,0,"H"
"775",2017-08-26,"Las Palmas","Ath Madrid",1,5,"A"
"776",2017-08-26,"Levante","La Coruna",2,2,"D"
"777",2017-08-27,"Eibar","Ath Bilbao",0,1,"A"
"778",2017-08-27,"Espanol","Leganes",0,1,"A"
"779",2017-08-27,"Getafe","Sevilla",0,1,"A"
"780",2017-08-27,"Real Madrid","Valencia",2,2,"D"
"781",2017-09-08,"Leganes","Getafe",1,2,"A"
"782",2017-09-09,"Barcelona","Espanol",5,0,"H"
"783",2017-09-09,"Real Madrid","Levante",1,1,"D"
"784",2017-09-09,"Sevilla","Eibar",3,0,"H"
"785",2017-09-09,"Valencia","Ath Madrid",0,0,"D"
"786",2017-09-10,"Ath Bilbao","Girona",2,0,"H"
"787",2017-09-10,"Celta","Alaves",1,0,"H"
"788",2017-09-10,"La Coruna","Sociedad",2,4,"A"
"789",2017-09-10,"Villarreal","Betis",3,1,"H"
"790",2017-09-11,"Malaga","Las Palmas",1,3,"A"
"791",2017-09-15,"Eibar","Leganes",1,0,"H"
"792",2017-09-16,"Ath Madrid","Malaga",1,0,"H"
"793",2017-09-16,"Betis","La Coruna",2,1,"H"
"794",2017-09-16,"Getafe","Barcelona",1,2,"A"
"795",2017-09-16,"Levante","Valencia",1,1,"D"
"796",2017-09-17,"Alaves","Villarreal",0,3,"A"
"797",2017-09-17,"Girona","Sevilla",0,1,"A"
"798",2017-09-17,"Las Palmas","Ath Bilbao",1,0,"H"
"799",2017-09-17,"Sociedad","Real Madrid",1,3,"A"
"800",2017-09-18,"Espanol","Celta",2,1,"H"
"801",2017-09-19,"Barcelona","Eibar",6,1,"H"
"802",2017-09-19,"Valencia","Malaga",5,0,"H"
"803",2017-09-20,"Ath Bilbao","Ath Madrid",1,2,"A"
"804",2017-09-20,"La Coruna","Alaves",1,0,"H"
"805",2017-09-20,"Leganes","Girona",0,0,"D"
"806",2017-09-20,"Real Madrid","Betis",0,1,"A"
"807",2017-09-20,"Sevilla","Las Palmas",1,0,"H"
"808",2017-09-21,"Celta","Getafe",1,1,"D"
"809",2017-09-21,"Levante","Sociedad",3,0,"H"
"810",2017-09-21,"Villarreal","Espanol",0,0,"D"
"811",2017-09-23,"Alaves","Real Madrid",1,2,"A"
"812",2017-09-23,"Ath Madrid","Sevilla",2,0,"H"
"813",2017-09-23,"Girona","Barcelona",0,3,"A"
"814",2017-09-23,"Malaga","Ath Bilbao",3,3,"D"
"815",2017-09-24,"Eibar","Celta",0,4,"A"
"816",2017-09-24,"Espanol","La Coruna",4,1,"H"
"817",2017-09-24,"Getafe","Villarreal",4,0,"H"
"818",2017-09-24,"Las Palmas","Leganes",0,2,"A"
"819",2017-09-24,"Sociedad","Valencia",2,3,"A"
"820",2017-09-25,"Betis","Levante",4,0,"H"
"821",2017-09-29,"Celta","Girona",3,3,"D"
"822",2017-09-30,"La Coruna","Getafe",2,1,"H"
"823",2017-09-30,"Leganes","Ath Madrid",0,0,"D"
"824",2017-09-30,"Levante","Alaves",0,2,"A"
"825",2017-09-30,"Sevilla","Malaga",2,0,"H"
"826",2017-10-01,"Barcelona","Las Palmas",3,0,"H"
"827",2017-10-01,"Real Madrid","Espanol",2,0,"H"
"828",2017-10-01,"Sociedad","Betis",4,4,"D"
"829",2017-10-01,"Valencia","Ath Bilbao",3,2,"H"
"830",2017-10-01,"Villarreal","Eibar",3,0,"H"
"831",2017-10-13,"Espanol","Levante",0,0,"D"
"832",2017-10-14,"Alaves","Sociedad",0,2,"A"
"833",2017-10-14,"Ath Bilbao","Sevilla",1,0,"H"
"834",2017-10-14,"Ath Madrid","Barcelona",1,1,"D"
"835",2017-10-14,"Getafe","Real Madrid",1,2,"A"
"836",2017-10-15,"Betis","Valencia",3,6,"A"
"837",2017-10-15,"Eibar","La Coruna",0,0,"D"
"838",2017-10-15,"Girona","Villarreal",1,2,"A"
"839",2017-10-15,"Malaga","Leganes",0,2,"A"
"840",2017-10-16,"Las Palmas","Celta",2,5,"A"
"841",2017-10-21,"Barcelona","Malaga",2,0,"H"
"842",2017-10-21,"Betis","Alaves",2,0,"H"
"843",2017-10-21,"Levante","Getafe",1,1,"D"
"844",2017-10-21,"Valencia","Sevilla",4,0,"H"
"845",2017-10-22,"Celta","Ath Madrid",0,1,"A"
"846",2017-10-22,"Leganes","Ath Bilbao",1,0,"H"
"847",2017-10-22,"Real Madrid","Eibar",3,0,"H"
"848",2017-10-22,"Villarreal","Las Palmas",4,0,"H"
"849",2017-10-23,"La Coruna","Girona",1,2,"A"
"850",2017-10-23,"Sociedad","Espanol",1,1,"D"
"851",2017-10-28,"Alaves","Valencia",1,2,"A"
"852",2017-10-28,"Ath Bilbao","Barcelona",0,2,"A"
"853",2017-10-28,"Ath Madrid","Villarreal",1,1,"D"
"854",2017-10-28,"Sevilla","Leganes",2,1,"H"
"855",2017-10-29,"Eibar","Levante",2,2,"D"
"856",2017-10-29,"Getafe","Sociedad",2,1,"H"
"857",2017-10-29,"Girona","Real Madrid",2,1,"H"
"858",2017-10-29,"Malaga","Celta",2,1,"H"
"859",2017-10-30,"Espanol","Betis",1,0,"H"
"860",2017-10-30,"Las Palmas","La Coruna",1,3,"A"
"861",2017-11-03,"Betis","Getafe",2,2,"D"
"862",2017-11-04,"Alaves","Espanol",1,0,"H"
"863",2017-11-04,"Barcelona","Sevilla",2,1,"H"
"864",2017-11-04,"La Coruna","Ath Madrid",0,1,"A"
"865",2017-11-04,"Valencia","Leganes",3,0,"H"
"866",2017-11-05,"Celta","Ath Bilbao",3,1,"H"
"867",2017-11-05,"Levante","Girona",1,2,"A"
"868",2017-11-05,"Real Madrid","Las Palmas",3,0,"H"
"869",2017-11-05,"Sociedad","Eibar",3,1,"H"
"870",2017-11-05,"Villarreal","Malaga",2,0,"H"
"871",2017-11-17,"Girona","Sociedad",1,1,"D"
"872",2017-11-18,"Ath Madrid","Real Madrid",0,0,"D"
"873",2017-11-18,"Getafe","Alaves",4,1,"H"
"874",2017-11-18,"Leganes","Barcelona",0,3,"A"
"875",2017-11-18,"Sevilla","Celta",2,1,"H"
"876",2017-11-19,"Ath Bilbao","Villarreal",1,1,"D"
"877",2017-11-19,"Espanol","Valencia",0,2,"A"
"878",2017-11-19,"Las Palmas","Levante",0,2,"A"
"879",2017-11-19,"Malaga","La Coruna",3,2,"H"
"880",2017-11-20,"Eibar","Betis",5,0,"H"
"881",2017-11-24,"Celta","Leganes",1,0,"H"
"882",2017-11-25,"Alaves","Eibar",1,2,"A"
"883",2017-11-25,"Betis","Girona",2,2,"D"
"884",2017-11-25,"Levante","Ath Madrid",0,5,"A"
"885",2017-11-25,"Real Madrid","Malaga",3,2,"H"
"886",2017-11-26,"La Coruna","Ath Bilbao",2,2,"D"
"887",2017-11-26,"Sociedad","Las Palmas",2,2,"D"
"888",2017-11-26,"Valencia","Barcelona",1,1,"D"
"889",2017-11-26,"Villarreal","Sevilla",2,3,"A"
"890",2017-11-27,"Espanol","Getafe",1,0,"H"
"891",2017-12-01,"Malaga","Levante",0,0,"D"
"892",2017-12-02,"Ath Bilbao","Real Madrid",0,0,"D"
"893",2017-12-02,"Ath Madrid","Sociedad",2,1,"H"
"894",2017-12-02,"Barcelona","Celta",2,2,"D"
"895",2017-12-02,"Sevilla","La Coruna",2,0,"H"
"896",2017-12-03,"Eibar","Espanol",3,1,"H"
"897",2017-12-03,"Getafe","Valencia",1,0,"H"
"898",2017-12-03,"Las Palmas","Betis",1,0,"H"
"899",2017-12-03,"Leganes","Villarreal",3,1,"H"
"900",2017-12-04,"Girona","Alaves",2,3,"A"
"901",2017-12-08,"Alaves","Las Palmas",2,0,"H"
"902",2017-12-09,"Getafe","Eibar",0,0,"D"
"903",2017-12-09,"La Coruna","Leganes",1,0,"H"
"904",2017-12-09,"Real Madrid","Sevilla",5,0,"H"
"905",2017-12-09,"Valencia","Celta",2,1,"H"
"906",2017-12-10,"Betis","Ath Madrid",0,1,"A"
"907",2017-12-10,"Levante","Ath Bilbao",1,2,"A"
"908",2017-12-10,"Sociedad","Malaga",0,2,"A"
"909",2017-12-10,"Villarreal","Barcelona",0,2,"A"
"910",2017-12-11,"Espanol","Girona",0,1,"A"
"911",2017-12-15,"Sevilla","Levante",0,0,"D"
"912",2017-12-16,"Ath Bilbao","Sociedad",0,0,"D"
"913",2017-12-16,"Ath Madrid","Alaves",1,0,"H"
"914",2017-12-16,"Eibar","Valencia",2,1,"H"
"915",2017-12-17,"Barcelona","La Coruna",4,0,"H"
"916",2017-12-17,"Celta","Villarreal",0,1,"A"
"917",2017-12-17,"Girona","Getafe",1,0,"H"
"918",2017-12-17,"Las Palmas","Espanol",2,2,"D"
"919",2017-12-18,"Malaga","Betis",0,2,"A"
"920",2017-12-19,"Levante","Leganes",0,0,"D"
"921",2017-12-20,"Getafe","Las Palmas",2,0,"H"
"922",2017-12-20,"Sociedad","Sevilla",3,1,"H"
"923",2017-12-21,"Alaves","Malaga",1,0,"H"
"924",2017-12-21,"Eibar","Girona",4,1,"H"
"925",2017-12-22,"Betis","Ath Bilbao",0,2,"A"
"926",2017-12-22,"Espanol","Ath Madrid",1,0,"H"
"927",2017-12-23,"La Coruna","Celta",1,3,"A"
"928",2017-12-23,"Real Madrid","Barcelona",0,3,"A"
"929",2017-12-23,"Valencia","Villarreal",0,1,"A"
"930",2018-01-06,"Ath Madrid","Getafe",2,0,"H"
"931",2018-01-06,"Las Palmas","Eibar",1,2,"A"
"932",2018-01-06,"Sevilla","Betis",3,5,"A"
"933",2018-01-06,"Valencia","Girona",2,1,"H"
"934",2018-01-07,"Ath Bilbao","Alaves",2,0,"H"
"935",2018-01-07,"Barcelona","Levante",3,0,"H"
"936",2018-01-07,"Celta","Real Madrid",2,2,"D"
"937",2018-01-07,"Leganes","Sociedad",1,0,"H"
"938",2018-01-07,"Villarreal","La Coruna",1,1,"D"
"939",2018-01-08,"Malaga","Espanol",0,1,"A"
"940",2018-01-12,"Getafe","Malaga",1,0,"H"
"941",2018-01-13,"Eibar","Ath Madrid",0,1,"A"
"942",2018-01-13,"Girona","Las Palmas",6,0,"H"
"943",2018-01-13,"La Coruna","Valencia",1,2,"A"
"944",2018-01-13,"Real Madrid","Villarreal",0,1,"A"
"945",2018-01-14,"Alaves","Sevilla",1,0,"H"
"946",2018-01-14,"Espanol","Ath Bilbao",1,1,"D"
"947",2018-01-14,"Levante","Celta",0,1,"A"
"948",2018-01-14,"Sociedad","Barcelona",2,4,"A"
"949",2018-01-15,"Betis","Leganes",3,2,"H"
"950",2018-01-19,"Getafe","Ath Bilbao",2,2,"D"
"951",2018-01-20,"Ath Madrid","Girona",1,1,"D"
"952",2018-01-20,"Espanol","Sevilla",0,3,"A"
"953",2018-01-20,"Las Palmas","Valencia",2,1,"H"
"954",2018-01-20,"Villarreal","Levante",2,1,"H"
"955",2018-01-21,"Alaves","Leganes",2,2,"D"
"956",2018-01-21,"Betis","Barcelona",0,5,"A"
"957",2018-01-21,"Real Madrid","La Coruna",7,1,"H"
"958",2018-01-21,"Sociedad","Celta",1,2,"A"
"959",2018-01-22,"Eibar","Malaga",1,1,"D"
"960",2018-01-26,"Ath Bilbao","Eibar",1,1,"D"
"961",2018-01-27,"La Coruna","Levante",2,2,"D"
"962",2018-01-27,"Malaga","Girona",0,0,"D"
"963",2018-01-27,"Valencia","Real Madrid",1,4,"A"
"964",2018-01-27,"Villarreal","Sociedad",4,2,"H"
"965",2018-01-28,"Ath Madrid","Las Palmas",3,0,"H"
"966",2018-01-28,"Barcelona","Alaves",2,1,"H"
"967",2018-01-28,"Leganes","Espanol",3,2,"H"
"968",2018-01-28,"Sevilla","Getafe",1,1,"D"
"969",2018-01-29,"Celta","Betis",3,2,"H"
"970",2018-02-02,"Sociedad","La Coruna",5,0,"H"
"971",2018-02-03,"Alaves","Celta",2,1,"H"
"972",2018-02-03,"Betis","Villarreal",2,1,"H"
"973",2018-02-03,"Eibar","Sevilla",5,1,"H"
"974",2018-02-03,"Levante","Real Madrid",2,2,"D"
"975",2018-02-04,"Ath Madrid","Valencia",1,0,"H"
"976",2018-02-04,"Espanol","Barcelona",1,1,"D"
"977",2018-02-04,"Getafe","Leganes",0,0,"D"
"978",2018-02-04,"Girona","Ath Bilbao",2,0,"H"
"979",2018-02-05,"Las Palmas","Malaga",1,0,"H"
"980",2018-02-09,"Ath Bilbao","Las Palmas",0,0,"D"
"981",2018-02-10,"Leganes","Eibar",0,1,"A"
"982",2018-02-10,"Malaga","Ath Madrid",0,1,"A"
"983",2018-02-10,"Real Madrid","Sociedad",5,2,"H"
"984",2018-02-10,"Villarreal","Alaves",1,2,"A"
"985",2018-02-11,"Barcelona","Getafe",0,0,"D"
"986",2018-02-11,"Celta","Espanol",2,2,"D"
"987",2018-02-11,"Sevilla","Girona",1,0,"H"
"988",2018-02-11,"Valencia","Levante",3,1,"H"
"989",2018-02-12,"La Coruna","Betis",0,1,"A"
"990",2018-02-16,"Girona","Leganes",3,0,"H"
"991",2018-02-17,"Alaves","La Coruna",1,0,"H"
"992",2018-02-17,"Eibar","Barcelona",0,2,"A"
"993",2018-02-17,"Las Palmas","Sevilla",1,2,"A"
"994",2018-02-17,"Malaga","Valencia",1,2,"A"
"995",2018-02-18,"Ath Madrid","Ath Bilbao",2,0,"H"
"996",2018-02-18,"Betis","Real Madrid",3,5,"A"
"997",2018-02-18,"Espanol","Villarreal",1,1,"D"
"998",2018-02-18,"Sociedad","Levante",3,0,"H"
"999",2018-02-19,"Getafe","Celta",3,0,"H"
"1000",2018-02-21,"Leganes","Real Madrid",1,3,"A"
"1001",2018-02-23,"La Coruna","Espanol",0,0,"D"
"1002",2018-02-24,"Barcelona","Girona",6,1,"H"
"1003",2018-02-24,"Celta","Eibar",2,0,"H"
"1004",2018-02-24,"Leganes","Las Palmas",0,0,"D"
"1005",2018-02-24,"Real Madrid","Alaves",4,0,"H"
"1006",2018-02-25,"Ath Bilbao","Malaga",2,1,"H"
"1007",2018-02-25,"Sevilla","Ath Madrid",2,5,"A"
"1008",2018-02-25,"Valencia","Sociedad",2,1,"H"
"1009",2018-02-25,"Villarreal","Getafe",1,0,"H"
"1010",2018-02-26,"Levante","Betis",0,2,"A"
"1011",2018-02-27,"Espanol","Real Madrid",1,0,"H"
"1012",2018-02-27,"Girona","Celta",1,0,"H"
"1013",2018-02-28,"Ath Bilbao","Valencia",1,1,"D"
"1014",2018-02-28,"Ath Madrid","Leganes",4,0,"H"
"1015",2018-02-28,"Eibar","Villarreal",1,0,"H"
"1016",2018-02-28,"Getafe","La Coruna",3,0,"H"
"1017",2018-02-28,"Malaga","Sevilla",0,1,"A"
"1018",2018-03-01,"Alaves","Levante",1,0,"H"
"1019",2018-03-01,"Betis","Sociedad",0,0,"D"
"1020",2018-03-01,"Las Palmas","Barcelona",1,1,"D"
"1021",2018-03-03,"La Coruna","Eibar",1,1,"D"
"1022",2018-03-03,"Leganes","Malaga",2,0,"H"
"1023",2018-03-03,"Real Madrid","Getafe",3,1,"H"
"1024",2018-03-03,"Sevilla","Ath Bilbao",2,0,"H"
"1025",2018-03-03,"Villarreal","Girona",0,2,"A"
"1026",2018-03-04,"Barcelona","Ath Madrid",1,0,"H"
"1027",2018-03-04,"Levante","Espanol",1,1,"D"
"1028",2018-03-04,"Sociedad","Alaves",2,1,"H"
"1029",2018-03-04,"Valencia","Betis",2,0,"H"
"1030",2018-03-05,"Celta","Las Palmas",2,1,"H"
"1031",2018-03-09,"Girona","La Coruna",2,0,"H"
"1032",2018-03-10,"Eibar","Real Madrid",1,2,"A"
"1033",2018-03-10,"Getafe","Levante",0,1,"A"
"1034",2018-03-10,"Malaga","Barcelona",0,2,"A"
"1035",2018-03-10,"Sevilla","Valencia",0,2,"A"
"1036",2018-03-11,"Ath Bilbao","Leganes",2,0,"H"
"1037",2018-03-11,"Ath Madrid","Celta",3,0,"H"
"1038",2018-03-11,"Espanol","Sociedad",2,1,"H"
"1039",2018-03-11,"Las Palmas","Villarreal",0,2,"A"
"1040",2018-03-12,"Alaves","Betis",1,3,"A"
"1041",2018-03-16,"Levante","Eibar",2,1,"H"
"1042",2018-03-17,"Betis","Espanol",3,0,"H"
"1043",2018-03-17,"La Coruna","Las Palmas",1,1,"D"
"1044",2018-03-17,"Sociedad","Getafe",1,2,"A"
"1045",2018-03-17,"Valencia","Alaves",3,1,"H"
"1046",2018-03-18,"Barcelona","Ath Bilbao",2,0,"H"
"1047",2018-03-18,"Celta","Malaga",0,0,"D"
"1048",2018-03-18,"Leganes","Sevilla",2,1,"H"
"1049",2018-03-18,"Real Madrid","Girona",6,3,"H"
"1050",2018-03-18,"Villarreal","Ath Madrid",2,1,"H"
"1051",2018-03-31,"Ath Bilbao","Celta",1,1,"D"
"1052",2018-03-31,"Girona","Levante",1,1,"D"
"1053",2018-03-31,"Las Palmas","Real Madrid",0,3,"A"
"1054",2018-03-31,"Sevilla","Barcelona",2,2,"D"
"1055",2018-04-01,"Ath Madrid","La Coruna",1,0,"H"
"1056",2018-04-01,"Eibar","Sociedad",0,0,"D"
"1057",2018-04-01,"Espanol","Alaves",0,0,"D"
"1058",2018-04-01,"Leganes","Valencia",0,1,"A"
"1059",2018-04-01,"Malaga","Villarreal",1,0,"H"
"1060",2018-04-02,"Getafe","Betis",0,1,"A"
"1061",2018-04-06,"La Coruna","Malaga",3,2,"H"
"1062",2018-04-07,"Alaves","Getafe",2,0,"H"
"1063",2018-04-07,"Barcelona","Leganes",3,1,"H"
"1064",2018-04-07,"Betis","Eibar",2,0,"H"
"1065",2018-04-07,"Celta","Sevilla",4,0,"H"
"1066",2018-04-08,"Levante","Las Palmas",2,1,"H"
"1067",2018-04-08,"Real Madrid","Ath Madrid",1,1,"D"
"1068",2018-04-08,"Sociedad","Girona",5,0,"H"
"1069",2018-04-08,"Valencia","Espanol",1,0,"H"
"1070",2018-04-09,"Villarreal","Ath Bilbao",1,3,"A"
"1071",2018-04-13,"Girona","Betis",0,1,"A"
"1072",2018-04-14,"Ath Bilbao","La Coruna",2,3,"A"
"1073",2018-04-14,"Barcelona","Valencia",2,1,"H"
"1074",2018-04-14,"Las Palmas","Sociedad",0,1,"A"
"1075",2018-04-14,"Leganes","Celta",1,0,"H"
"1076",2018-04-14,"Sevilla","Villarreal",2,2,"D"
"1077",2018-04-15,"Ath Madrid","Levante",3,0,"H"
"1078",2018-04-15,"Eibar","Alaves",0,1,"A"
"1079",2018-04-15,"Getafe","Espanol",1,0,"H"
"1080",2018-04-15,"Malaga","Real Madrid",1,2,"A"
"1081",2018-04-17,"Celta","Barcelona",2,2,"D"
"1082",2018-04-17,"La Coruna","Sevilla",0,0,"D"
"1083",2018-04-17,"Villarreal","Leganes",2,1,"H"
"1084",2018-04-18,"Espanol","Eibar",0,1,"A"
"1085",2018-04-18,"Real Madrid","Ath Bilbao",1,1,"D"
"1086",2018-04-18,"Valencia","Getafe",1,2,"A"
"1087",2018-04-19,"Alaves","Girona",1,2,"A"
"1088",2018-04-19,"Betis","Las Palmas",1,0,"H"
"1089",2018-04-19,"Levante","Malaga",1,0,"H"
"1090",2018-04-19,"Sociedad","Ath Madrid",3,0,"H"
"1091",2018-04-20,"Leganes","La Coruna",0,0,"D"
"1092",2018-04-21,"Celta","Valencia",1,1,"D"
"1093",2018-04-21,"Eibar","Getafe",0,1,"A"
"1094",2018-04-22,"Ath Madrid","Betis",0,0,"D"
"1095",2018-04-22,"Girona","Espanol",0,2,"A"
"1096",2018-04-22,"Las Palmas","Alaves",0,4,"A"
"1097",2018-04-22,"Malaga","Sociedad",2,0,"H"
"1098",2018-04-23,"Ath Bilbao","Levante",1,3,"A"
"1099",2018-04-27,"Levante","Sevilla",2,1,"H"
"1100",2018-04-28,"Espanol","Las Palmas",1,1,"D"
"1101",2018-04-28,"Real Madrid","Leganes",2,1,"H"
"1102",2018-04-28,"Sociedad","Ath Bilbao",3,1,"H"
"1103",2018-04-28,"Villarreal","Celta",4,1,"H"
"1104",2018-04-29,"Alaves","Ath Madrid",0,1,"A"
"1105",2018-04-29,"Getafe","Girona",1,1,"D"
"1106",2018-04-29,"La Coruna","Barcelona",2,4,"A"
"1107",2018-04-29,"Valencia","Eibar",0,0,"D"
"1108",2018-04-30,"Betis","Malaga",2,1,"H"
"1109",2018-05-04,"Sevilla","Sociedad",1,0,"H"
"1110",2018-05-05,"Ath Bilbao","Betis",2,0,"H"
"1111",2018-05-05,"Celta","La Coruna",1,1,"D"
"1112",2018-05-05,"Girona","Eibar",1,4,"A"
"1113",2018-05-05,"Villarreal","Valencia",1,0,"H"
"1114",2018-05-06,"Ath Madrid","Espanol",0,2,"A"
"1115",2018-05-06,"Barcelona","Real Madrid",2,2,"D"
"1116",2018-05-06,"Las Palmas","Getafe",0,1,"A"
"1117",2018-05-06,"Malaga","Alaves",0,3,"A"
"1118",2018-05-07,"Leganes","Levante",0,3,"A"
"1119",2018-05-09,"Barcelona","Villarreal",5,1,"H"
"1120",2018-05-09,"Sevilla","Real Madrid",3,2,"H"
"1121",2018-05-12,"Alaves","Ath Bilbao",3,1,"H"
"1122",2018-05-12,"Betis","Sevilla",2,2,"D"
"1123",2018-05-12,"Eibar","Las Palmas",1,0,"H"
"1124",2018-05-12,"Getafe","Ath Madrid",0,1,"A"
"1125",2018-05-12,"Girona","Valencia",0,1,"A"
"1126",2018-05-12,"La Coruna","Villarreal",2,4,"A"
"1127",2018-05-12,"Real Madrid","Celta",6,0,"H"
"1128",2018-05-12,"Sociedad","Leganes",3,2,"H"
"1129",2018-05-13,"Espanol","Malaga",4,1,"H"
"1130",2018-05-13,"Levante","Barcelona",5,4,"H"
"1131",2018-05-19,"Celta","Levante",4,2,"H"
"1132",2018-05-19,"Las Palmas","Girona",1,2,"A"
"1133",2018-05-19,"Leganes","Betis",3,2,"H"
"1134",2018-05-19,"Malaga","Getafe",0,1,"A"
"1135",2018-05-19,"Sevilla","Alaves",1,0,"H"
"1136",2018-05-19,"Villarreal","Real Madrid",2,2,"D"
"1137",2018-05-20,"Ath Bilbao","Espanol",0,1,"A"
"1138",2018-05-20,"Ath Madrid","Eibar",2,2,"D"
"1139",2018-05-20,"Barcelona","Sociedad",1,0,"H"
"1140",2018-05-20,"Valencia","La Coruna",2,1,"H"
"1141",2018-08-17,"Betis","Levante",0,3,"A"
"1142",2018-08-17,"Girona","Valladolid",0,0,"D"
"1143",2018-08-18,"Barcelona","Alaves",3,0,"H"
"1144",2018-08-18,"Celta","Espanol",1,1,"D"
"1145",2018-08-18,"Villarreal","Sociedad",1,2,"A"
"1146",2018-08-19,"Eibar","Huesca",1,2,"A"
"1147",2018-08-19,"Real Madrid","Getafe",2,0,"H"
"1148",2018-08-19,"Vallecano","Sevilla",1,4,"A"
"1149",2018-08-20,"Ath Bilbao","Leganes",2,1,"H"
"1150",2018-08-20,"Valencia","Ath Madrid",1,1,"D"
"1151",2018-08-24,"Getafe","Eibar",2,0,"H"
"1152",2018-08-24,"Leganes","Sociedad",2,2,"D"
"1153",2018-08-25,"Alaves","Betis",0,0,"D"
"1154",2018-08-25,"Ath Madrid","Vallecano",1,0,"H"
"1155",2018-08-25,"Valladolid","Barcelona",0,1,"A"
"1156",2018-08-26,"Espanol","Valencia",2,0,"H"
"1157",2018-08-26,"Girona","Real Madrid",1,4,"A"
"1158",2018-08-26,"Sevilla","Villarreal",0,0,"D"
"1159",2018-08-27,"Ath Bilbao","Huesca",2,2,"D"
"1160",2018-08-27,"Levante","Celta",1,2,"A"
"1161",2018-08-31,"Eibar","Sociedad",2,1,"H"
"1162",2018-08-31,"Getafe","Valladolid",0,0,"D"
"1163",2018-08-31,"Villarreal","Girona",0,1,"A"
"1164",2018-09-01,"Celta","Ath Madrid",2,0,"H"
"1165",2018-09-01,"Real Madrid","Leganes",4,1,"H"
"1166",2018-09-02,"Alaves","Espanol",2,1,"H"
"1167",2018-09-02,"Barcelona","Huesca",8,2,"H"
"1168",2018-09-02,"Betis","Sevilla",1,0,"H"
"1169",2018-09-02,"Levante","Valencia",2,2,"D"
"1170",2018-09-14,"Huesca","Vallecano",0,1,"A"
"1171",2018-09-15,"Ath Bilbao","Real Madrid",1,1,"D"
"1172",2018-09-15,"Ath Madrid","Eibar",1,1,"D"
"1173",2018-09-15,"Sociedad","Barcelona",1,2,"A"
"1174",2018-09-15,"Valencia","Betis",0,0,"D"
"1175",2018-09-16,"Espanol","Levante",1,0,"H"
"1176",2018-09-16,"Leganes","Villarreal",0,1,"A"
"1177",2018-09-16,"Sevilla","Getafe",0,2,"A"
"1178",2018-09-16,"Valladolid","Alaves",0,1,"A"
"1179",2018-09-17,"Girona","Celta",3,2,"H"
"1180",2018-09-21,"Huesca","Sociedad",0,1,"A"
"1181",2018-09-22,"Celta","Valladolid",3,3,"D"
"1182",2018-09-22,"Eibar","Leganes",1,0,"H"
"1183",2018-09-22,"Getafe","Ath Madrid",0,2,"A"
"1184",2018-09-22,"Real Madrid","Espanol",1,0,"H"
"1185",2018-09-22,"Vallecano","Alaves",1,5,"A"
"1186",2018-09-23,"Barcelona","Girona",2,2,"D"
"1187",2018-09-23,"Betis","Ath Bilbao",2,2,"D"
"1188",2018-09-23,"Levante","Sevilla",2,6,"A"
"1189",2018-09-23,"Villarreal","Valencia",0,0,"D"
"1190",2018-09-25,"Ath Madrid","Huesca",3,0,"H"
"1191",2018-09-25,"Espanol","Eibar",1,0,"H"
"1192",2018-09-25,"Sociedad","Vallecano",2,2,"D"
"1193",2018-09-26,"Ath Bilbao","Villarreal",0,3,"A"
"1194",2018-09-26,"Leganes","Barcelona",2,1,"H"
"1195",2018-09-26,"Sevilla","Real Madrid",3,0,"H"
"1196",2018-09-26,"Valencia","Celta",1,1,"D"
"1197",2018-09-27,"Alaves","Getafe",1,1,"D"
"1198",2018-09-27,"Girona","Betis",0,1,"A"
"1199",2018-09-27,"Valladolid","Levante",2,1,"H"
"1200",2018-09-28,"Vallecano","Espanol",2,2,"D"
"1201",2018-09-29,"Barcelona","Ath Bilbao",1,1,"D"
"1202",2018-09-29,"Eibar","Sevilla",1,3,"A"
"1203",2018-09-29,"Real Madrid","Ath Madrid",0,0,"D"
"1204",2018-09-29,"Sociedad","Valencia",0,1,"A"
"1205",2018-09-30,"Betis","Leganes",1,0,"H"
"1206",2018-09-30,"Huesca","Girona",1,1,"D"
"1207",2018-09-30,"Levante","Alaves",2,1,"H"
"1208",2018-09-30,"Villarreal","Valladolid",0,1,"A"
"1209",2018-10-01,"Celta","Getafe",1,1,"D"
"1210",2018-10-05,"Ath Bilbao","Sociedad",1,3,"A"
"1211",2018-10-06,"Alaves","Real Madrid",1,0,"H"
"1212",2018-10-06,"Getafe","Levante",0,1,"A"
"1213",2018-10-06,"Girona","Eibar",2,3,"A"
"1214",2018-10-06,"Leganes","Vallecano",1,0,"H"
"1215",2018-10-07,"Ath Madrid","Betis",1,0,"H"
"1216",2018-10-07,"Espanol","Villarreal",3,1,"H"
"1217",2018-10-07,"Sevilla","Celta",2,1,"H"
"1218",2018-10-07,"Valencia","Barcelona",1,1,"D"
"1219",2018-10-07,"Valladolid","Huesca",1,0,"H"
"1220",2018-10-19,"Celta","Alaves",0,1,"A"
"1221",2018-10-20,"Barcelona","Sevilla",4,2,"H"
"1222",2018-10-20,"Real Madrid","Levante",1,2,"A"
"1223",2018-10-20,"Valencia","Leganes",1,1,"D"
"1224",2018-10-20,"Villarreal","Ath Madrid",1,1,"D"
"1225",2018-10-21,"Betis","Valladolid",0,1,"A"
"1226",2018-10-21,"Eibar","Ath Bilbao",1,1,"D"
"1227",2018-10-21,"Huesca","Espanol",0,2,"A"
"1228",2018-10-21,"Vallecano","Getafe",1,2,"A"
"1229",2018-10-22,"Sociedad","Girona",0,0,"D"
"1230",2018-10-24,"Vallecano","Ath Bilbao",1,1,"D"
"1231",2018-10-26,"Valladolid","Espanol",1,1,"D"
"1232",2018-10-27,"Ath Bilbao","Valencia",0,0,"D"
"1233",2018-10-27,"Ath Madrid","Sociedad",2,0,"H"
"1234",2018-10-27,"Celta","Eibar",4,0,"H"
"1235",2018-10-27,"Girona","Vallecano",2,1,"H"
"1236",2018-10-27,"Levante","Leganes",2,0,"H"
"1237",2018-10-28,"Alaves","Villarreal",2,1,"H"
"1238",2018-10-28,"Barcelona","Real Madrid",5,1,"H"
"1239",2018-10-28,"Getafe","Betis",2,0,"H"
"1240",2018-10-28,"Sevilla","Huesca",2,1,"H"
"1241",2018-11-03,"Leganes","Ath Madrid",1,1,"D"
"1242",2018-11-03,"Real Madrid","Valladolid",2,0,"H"
"1243",2018-11-03,"Valencia","Girona",0,1,"A"
"1244",2018-11-03,"Vallecano","Barcelona",2,3,"A"
"1245",2018-11-04,"Betis","Celta",3,3,"D"
"1246",2018-11-04,"Eibar","Alaves",2,1,"H"
"1247",2018-11-04,"Huesca","Getafe",1,1,"D"
"1248",2018-11-04,"Sociedad","Sevilla",0,0,"D"
"1249",2018-11-04,"Villarreal","Levante",1,1,"D"
"1250",2018-11-05,"Espanol","Ath Bilbao",1,0,"H"
"1251",2018-11-09,"Levante","Sociedad",1,3,"A"
"1252",2018-11-10,"Ath Madrid","Ath Bilbao",3,2,"H"
"1253",2018-11-10,"Getafe","Valencia",0,1,"A"
"1254",2018-11-10,"Girona","Leganes",0,0,"D"
"1255",2018-11-10,"Valladolid","Eibar",0,0,"D"
"1256",2018-11-11,"Alaves","Huesca",2,1,"H"
"1257",2018-11-11,"Barcelona","Betis",3,4,"A"
"1258",2018-11-11,"Celta","Real Madrid",2,4,"A"
"1259",2018-11-11,"Sevilla","Espanol",2,1,"H"
"1260",2018-11-11,"Vallecano","Villarreal",2,2,"D"
"1261",2018-11-23,"Leganes","Alaves",1,0,"H"
"1262",2018-11-24,"Ath Madrid","Barcelona",1,1,"D"
"1263",2018-11-24,"Eibar","Real Madrid",3,0,"H"
"1264",2018-11-24,"Huesca","Levante",2,2,"D"
"1265",2018-11-24,"Valencia","Vallecano",3,0,"H"
"1266",2018-11-25,"Ath Bilbao","Getafe",1,1,"D"
"1267",2018-11-25,"Espanol","Girona",1,3,"A"
"1268",2018-11-25,"Sevilla","Valladolid",1,0,"H"
"1269",2018-11-25,"Villarreal","Betis",2,1,"H"
"1270",2018-11-26,"Sociedad","Celta",2,1,"H"
"1271",2018-11-30,"Vallecano","Eibar",1,0,"H"
"1272",2018-12-01,"Celta","Huesca",2,0,"H"
"1273",2018-12-01,"Getafe","Espanol",3,0,"H"
"1274",2018-12-01,"Real Madrid","Valencia",2,0,"H"
"1275",2018-12-01,"Valladolid","Leganes",2,4,"A"
"1276",2018-12-02,"Alaves","Sevilla",1,1,"D"
"1277",2018-12-02,"Barcelona","Villarreal",2,0,"H"
"1278",2018-12-02,"Betis","Sociedad",1,0,"H"
"1279",2018-12-02,"Girona","Ath Madrid",1,1,"D"
"1280",2018-12-03,"Levante","Ath Bilbao",3,0,"H"
"1281",2018-12-07,"Leganes","Getafe",1,1,"D"
"1282",2018-12-08,"Ath Madrid","Alaves",3,0,"H"
"1283",2018-12-08,"Espanol","Barcelona",0,4,"A"
"1284",2018-12-08,"Valencia","Sevilla",1,1,"D"
"1285",2018-12-08,"Villarreal","Celta",2,3,"A"
"1286",2018-12-09,"Betis","Vallecano",2,0,"H"
"1287",2018-12-09,"Eibar","Levante",4,4,"D"
"1288",2018-12-09,"Huesca","Real Madrid",0,1,"A"
"1289",2018-12-09,"Sociedad","Valladolid",1,2,"A"
"1290",2018-12-10,"Ath Bilbao","Girona",1,0,"H"
"1291",2018-12-14,"Celta","Leganes",0,0,"D"
"1292",2018-12-15,"Eibar","Valencia",1,1,"D"
"1293",2018-12-15,"Getafe","Sociedad",1,0,"H"
"1294",2018-12-15,"Real Madrid","Vallecano",1,0,"H"
"1295",2018-12-15,"Valladolid","Ath Madrid",2,3,"A"
"1296",2018-12-16,"Espanol","Betis",1,3,"A"
"1297",2018-12-16,"Huesca","Villarreal",2,2,"D"
"1298",2018-12-16,"Levante","Barcelona",0,5,"A"
"1299",2018-12-16,"Sevilla","Girona",2,0,"H"
"1300",2018-12-17,"Alaves","Ath Bilbao",0,0,"D"
"1301",2018-12-21,"Girona","Getafe",1,1,"D"
"1302",2018-12-21,"Sociedad","Alaves",0,1,"A"
"1303",2018-12-22,"Ath Bilbao","Valladolid",1,1,"D"
"1304",2018-12-22,"Ath Madrid","Espanol",1,0,"H"
"1305",2018-12-22,"Barcelona","Celta",2,0,"H"
"1306",2018-12-22,"Betis","Eibar",1,1,"D"
"1307",2018-12-23,"Leganes","Sevilla",1,1,"D"
"1308",2018-12-23,"Valencia","Huesca",2,1,"H"
"1309",2018-12-23,"Vallecano","Levante",2,1,"H"
"1310",2019-01-03,"Villarreal","Real Madrid",2,2,"D"
"1311",2019-01-04,"Espanol","Leganes",1,0,"H"
"1312",2019-01-04,"Levante","Girona",2,2,"D"
"1313",2019-01-05,"Alaves","Valencia",2,1,"H"
"1314",2019-01-05,"Huesca","Betis",2,1,"H"
"1315",2019-01-05,"Valladolid","Vallecano",0,1,"A"
"1316",2019-01-06,"Eibar","Villarreal",0,0,"D"
"1317",2019-01-06,"Getafe","Barcelona",1,2,"A"
"1318",2019-01-06,"Real Madrid","Sociedad",0,2,"A"
"1319",2019-01-06,"Sevilla","Ath Madrid",1,1,"D"
"1320",2019-01-07,"Celta","Ath Bilbao",1,2,"A"
"1321",2019-01-11,"Vallecano","Celta",4,2,"H"
"1322",2019-01-12,"Girona","Alaves",1,1,"D"
"1323",2019-01-12,"Leganes","Huesca",1,0,"H"
"1324",2019-01-12,"Valencia","Valladolid",1,1,"D"
"1325",2019-01-12,"Villarreal","Getafe",1,2,"A"
"1326",2019-01-13,"Ath Bilbao","Sevilla",2,0,"H"
"1327",2019-01-13,"Ath Madrid","Levante",1,0,"H"
"1328",2019-01-13,"Barcelona","Eibar",3,0,"H"
"1329",2019-01-13,"Betis","Real Madrid",1,2,"A"
"1330",2019-01-14,"Sociedad","Espanol",3,2,"H"
"1331",2019-01-18,"Getafe","Alaves",4,0,"H"
"1332",2019-01-19,"Celta","Valencia",1,2,"A"
"1333",2019-01-19,"Huesca","Ath Madrid",0,3,"A"
"1334",2019-01-19,"Real Madrid","Sevilla",2,0,"H"
"1335",2019-01-20,"Barcelona","Leganes",3,1,"H"
"1336",2019-01-20,"Betis","Girona",3,2,"H"
"1337",2019-01-20,"Levante","Valladolid",2,0,"H"
"1338",2019-01-20,"Vallecano","Sociedad",2,2,"D"
"1339",2019-01-20,"Villarreal","Ath Bilbao",1,1,"D"
"1340",2019-01-21,"Eibar","Espanol",3,0,"H"
"1341",2019-01-26,"Ath Madrid","Getafe",2,0,"H"
"1342",2019-01-26,"Leganes","Eibar",2,2,"D"
"1343",2019-01-26,"Sevilla","Levante",5,0,"H"
"1344",2019-01-26,"Valencia","Villarreal",3,0,"H"
"1345",2019-01-27,"Ath Bilbao","Betis",1,0,"H"
"1346",2019-01-27,"Espanol","Real Madrid",2,4,"A"
"1347",2019-01-27,"Girona","Barcelona",0,2,"A"
"1348",2019-01-27,"Sociedad","Huesca",0,0,"D"
"1349",2019-01-27,"Valladolid","Celta",2,1,"H"
"1350",2019-01-28,"Alaves","Vallecano",0,1,"A"
"1351",2019-02-01,"Huesca","Valladolid",4,0,"H"
"1352",2019-02-02,"Barcelona","Valencia",2,2,"D"
"1353",2019-02-02,"Celta","Sevilla",1,0,"H"
"1354",2019-02-02,"Levante","Getafe",0,0,"D"
"1355",2019-02-02,"Sociedad","Ath Bilbao",2,1,"H"
"1356",2019-02-03,"Betis","Ath Madrid",1,0,"H"
"1357",2019-02-03,"Eibar","Girona",3,0,"H"
"1358",2019-02-03,"Real Madrid","Alaves",3,0,"H"
"1359",2019-02-03,"Villarreal","Espanol",2,2,"D"
"1360",2019-02-04,"Vallecano","Leganes",1,2,"A"
"1361",2019-02-08,"Valladolid","Villarreal",0,0,"D"
"1362",2019-02-09,"Ath Madrid","Real Madrid",1,3,"A"
"1363",2019-02-09,"Espanol","Vallecano",2,1,"H"
"1364",2019-02-09,"Getafe","Celta",3,1,"H"
"1365",2019-02-09,"Girona","Huesca",0,2,"A"
"1366",2019-02-10,"Ath Bilbao","Barcelona",0,0,"D"
"1367",2019-02-10,"Leganes","Betis",3,0,"H"
"1368",2019-02-10,"Sevilla","Eibar",2,2,"D"
"1369",2019-02-10,"Valencia","Sociedad",0,0,"D"
"1370",2019-02-11,"Alaves","Levante",2,0,"H"
"1371",2019-02-15,"Eibar","Getafe",2,2,"D"
"1372",2019-02-16,"Barcelona","Valladolid",1,0,"H"
"1373",2019-02-16,"Celta","Levante",1,4,"A"
"1374",2019-02-16,"Sociedad","Leganes",3,0,"H"
"1375",2019-02-16,"Vallecano","Ath Madrid",0,1,"A"
"1376",2019-02-17,"Betis","Alaves",1,1,"D"
"1377",2019-02-17,"Real Madrid","Girona",1,2,"A"
"1378",2019-02-17,"Valencia","Espanol",0,0,"D"
"1379",2019-02-17,"Villarreal","Sevilla",3,0,"H"
"1380",2019-02-18,"Huesca","Ath Bilbao",0,1,"A"
"1381",2019-02-22,"Espanol","Huesca",1,1,"D"
"1382",2019-02-23,"Alaves","Celta",0,0,"D"
"1383",2019-02-23,"Ath Bilbao","Eibar",1,0,"H"
"1384",2019-02-23,"Getafe","Vallecano",2,1,"H"
"1385",2019-02-23,"Sevilla","Barcelona",2,4,"A"
"1386",2019-02-24,"Ath Madrid","Villarreal",2,0,"H"
"1387",2019-02-24,"Leganes","Valencia",1,1,"D"
"1388",2019-02-24,"Levante","Real Madrid",1,2,"A"
"1389",2019-02-24,"Valladolid","Betis",0,2,"A"
"1390",2019-02-25,"Girona","Sociedad",0,0,"D"
"1391",2019-03-01,"Vallecano","Girona",0,2,"A"
"1392",2019-03-02,"Espanol","Valladolid",3,1,"H"
"1393",2019-03-02,"Huesca","Sevilla",2,1,"H"
"1394",2019-03-02,"Real Madrid","Barcelona",0,1,"A"
"1395",2019-03-02,"Villarreal","Alaves",1,2,"A"
"1396",2019-03-03,"Betis","Getafe",1,2,"A"
"1397",2019-03-03,"Eibar","Celta",1,0,"H"
"1398",2019-03-03,"Sociedad","Ath Madrid",0,2,"A"
"1399",2019-03-03,"Valencia","Ath Bilbao",2,0,"H"
"1400",2019-03-04,"Leganes","Levante",1,0,"H"
"1401",2019-03-08,"Ath Bilbao","Espanol",1,1,"D"
"1402",2019-03-09,"Alaves","Eibar",1,1,"D"
"1403",2019-03-09,"Ath Madrid","Leganes",1,0,"H"
"1404",2019-03-09,"Barcelona","Vallecano",3,1,"H"
"1405",2019-03-09,"Getafe","Huesca",2,1,"H"
"1406",2019-03-10,"Celta","Betis",0,1,"A"
"1407",2019-03-10,"Girona","Valencia",2,3,"A"
"1408",2019-03-10,"Levante","Villarreal",0,2,"A"
"1409",2019-03-10,"Sevilla","Sociedad",5,2,"H"
"1410",2019-03-10,"Valladolid","Real Madrid",1,4,"A"
"1411",2019-03-15,"Sociedad","Levante",1,1,"D"
"1412",2019-03-16,"Ath Bilbao","Ath Madrid",2,0,"H"
"1413",2019-03-16,"Huesca","Alaves",1,3,"A"
"1414",2019-03-16,"Leganes","Girona",0,2,"A"
"1415",2019-03-16,"Real Madrid","Celta",2,0,"H"
"1416",2019-03-17,"Betis","Barcelona",1,4,"A"
"1417",2019-03-17,"Eibar","Valladolid",1,2,"A"
"1418",2019-03-17,"Espanol","Sevilla",0,1,"A"
"1419",2019-03-17,"Valencia","Getafe",0,0,"D"
"1420",2019-03-17,"Villarreal","Vallecano",3,1,"H"
"1421",2019-03-29,"Girona","Ath Bilbao",1,2,"A"
"1422",2019-03-30,"Alaves","Ath Madrid",0,4,"A"
"1423",2019-03-30,"Barcelona","Espanol",2,0,"H"
"1424",2019-03-30,"Celta","Villarreal",3,2,"H"
"1425",2019-03-30,"Getafe","Leganes",0,2,"A"
"1426",2019-03-31,"Levante","Eibar",2,2,"D"
"1427",2019-03-31,"Real Madrid","Huesca",3,2,"H"
"1428",2019-03-31,"Sevilla","Valencia",0,1,"A"
"1429",2019-03-31,"Valladolid","Sociedad",1,1,"D"
"1430",2019-03-31,"Vallecano","Betis",1,1,"D"
"1431",2019-04-02,"Ath Madrid","Girona",2,0,"H"
"1432",2019-04-02,"Espanol","Getafe",1,1,"D"
"1433",2019-04-02,"Villarreal","Barcelona",4,4,"D"
"1434",2019-04-03,"Ath Bilbao","Levante",3,2,"H"
"1435",2019-04-03,"Eibar","Vallecano",2,1,"H"
"1436",2019-04-03,"Huesca","Celta",3,3,"D"
"1437",2019-04-03,"Valencia","Real Madrid",2,1,"H"
"1438",2019-04-04,"Leganes","Valladolid",1,0,"H"
"1439",2019-04-04,"Sevilla","Alaves",2,0,"H"
"1440",2019-04-04,"Sociedad","Betis",2,1,"H"
"1441",2019-04-06,"Barcelona","Ath Madrid",2,0,"H"
"1442",2019-04-06,"Girona","Espanol",1,2,"A"
"1443",2019-04-06,"Real Madrid","Eibar",2,1,"H"
"1444",2019-04-06,"Vallecano","Valencia",2,0,"H"
"1445",2019-04-07,"Alaves","Leganes",1,1,"D"
"1446",2019-04-07,"Betis","Villarreal",2,1,"H"
"1447",2019-04-07,"Celta","Sociedad",3,1,"H"
"1448",2019-04-07,"Getafe","Ath Bilbao",1,0,"H"
"1449",2019-04-07,"Levante","Huesca",2,2,"D"
"1450",2019-04-07,"Valladolid","Sevilla",0,2,"A"
"1451",2019-04-13,"Ath Madrid","Celta",2,0,"H"
"1452",2019-04-13,"Espanol","Alaves",2,1,"H"
"1453",2019-04-13,"Huesca","Barcelona",0,0,"D"
"1454",2019-04-13,"Sevilla","Betis",3,2,"H"
"1455",2019-04-14,"Ath Bilbao","Vallecano",3,2,"H"
"1456",2019-04-14,"Girona","Villarreal",0,1,"A"
"1457",2019-04-14,"Sociedad","Eibar",1,1,"D"
"1458",2019-04-14,"Valencia","Levante",3,1,"H"
"1459",2019-04-14,"Valladolid","Getafe",2,2,"D"
"1460",2019-04-15,"Leganes","Real Madrid",1,1,"D"
"1461",2019-04-19,"Alaves","Valladolid",2,2,"D"
"1462",2019-04-20,"Barcelona","Sociedad",2,1,"H"
"1463",2019-04-20,"Celta","Girona",2,1,"H"
"1464",2019-04-20,"Eibar","Ath Madrid",0,1,"A"
"1465",2019-04-20,"Vallecano","Huesca",0,0,"D"
"1466",2019-04-21,"Betis","Valencia",1,2,"A"
"1467",2019-04-21,"Getafe","Sevilla",3,0,"H"
"1468",2019-04-21,"Levante","Espanol",2,2,"D"
"1469",2019-04-21,"Real Madrid","Ath Bilbao",3,0,"H"
"1470",2019-04-21,"Villarreal","Leganes",2,1,"H"
"1471",2019-04-23,"Alaves","Barcelona",0,2,"A"
"1472",2019-04-23,"Huesca","Eibar",2,0,"H"
"1473",2019-04-23,"Valladolid","Girona",1,0,"H"
"1474",2019-04-24,"Ath Madrid","Valencia",3,2,"H"
"1475",2019-04-24,"Espanol","Celta",1,1,"D"
"1476",2019-04-24,"Leganes","Ath Bilbao",0,1,"A"
"1477",2019-04-24,"Levante","Betis",4,0,"H"
"1478",2019-04-25,"Getafe","Real Madrid",0,0,"D"
"1479",2019-04-25,"Sevilla","Vallecano",5,0,"H"
"1480",2019-04-25,"Sociedad","Villarreal",0,1,"A"
"1481",2019-04-27,"Ath Bilbao","Alaves",1,1,"D"
"1482",2019-04-27,"Ath Madrid","Valladolid",1,0,"H"
"1483",2019-04-27,"Barcelona","Levante",1,0,"H"
"1484",2019-04-27,"Leganes","Celta",0,0,"D"
"1485",2019-04-28,"Girona","Sevilla",1,0,"H"
"1486",2019-04-28,"Sociedad","Getafe",2,1,"H"
"1487",2019-04-28,"Valencia","Eibar",0,1,"A"
"1488",2019-04-28,"Vallecano","Real Madrid",1,0,"H"
"1489",2019-04-28,"Villarreal","Huesca",1,1,"D"
"1490",2019-04-29,"Betis","Espanol",1,1,"D"
"1491",2019-05-03,"Sevilla","Leganes",0,3,"A"
"1492",2019-05-04,"Alaves","Sociedad",0,1,"A"
"1493",2019-05-04,"Celta","Barcelona",2,0,"H"
"1494",2019-05-04,"Espanol","Ath Madrid",3,0,"H"
"1495",2019-05-04,"Levante","Vallecano",4,1,"H"
"1496",2019-05-05,"Eibar","Betis",1,0,"H"
"1497",2019-05-05,"Getafe","Girona",2,0,"H"
"1498",2019-05-05,"Huesca","Valencia",2,6,"A"
"1499",2019-05-05,"Real Madrid","Villarreal",3,2,"H"
"1500",2019-05-05,"Valladolid","Ath Bilbao",1,0,"H"
"1501",2019-05-12,"Ath Bilbao","Celta",3,1,"H"
"1502",2019-05-12,"Ath Madrid","Sevilla",1,1,"D"
"1503",2019-05-12,"Barcelona","Getafe",2,0,"H"
"1504",2019-05-12,"Betis","Huesca",2,1,"H"
"1505",2019-05-12,"Girona","Levante",1,2,"A"
"1506",2019-05-12,"Leganes","Espanol",0,2,"A"
"1507",2019-05-12,"Sociedad","Real Madrid",3,1,"H"
"1508",2019-05-12,"Valencia","Alaves",3,1,"H"
"1509",2019-05-12,"Vallecano","Valladolid",1,2,"A"
"1510",2019-05-12,"Villarreal","Eibar",1,0,"H"
"1511",2019-05-18,"Alaves","Girona",2,1,"H"
"1512",2019-05-18,"Celta","Vallecano",2,2,"D"
"1513",2019-05-18,"Espanol","Sociedad",2,0,"H"
"1514",2019-05-18,"Getafe","Villarreal",2,2,"D"
"1515",2019-05-18,"Huesca","Leganes",2,1,"H"
"1516",2019-05-18,"Levante","Ath Madrid",2,2,"D"
"1517",2019-05-18,"Sevilla","Ath Bilbao",2,0,"H"
"1518",2019-05-18,"Valladolid","Valencia",0,2,"A"
"1519",2019-05-19,"Eibar","Barcelona",2,2,"D"
"1520",2019-05-19,"Real Madrid","Betis",0,2,"A"
"1521",2019-08-16,"Ath Bilbao","Barcelona",1,0,"H"
"1522",2019-08-17,"Celta","Real Madrid",1,3,"A"
"1523",2019-08-17,"Valencia","Sociedad",1,1,"D"
"1524",2019-08-17,"Mallorca","Eibar",2,1,"H"
"1525",2019-08-17,"Leganes","Osasuna",0,1,"A"
"1526",2019-08-17,"Villarreal","Granada",4,4,"D"
"1527",2019-08-18,"Alaves","Levante",1,0,"H"
"1528",2019-08-18,"Espanol","Sevilla",0,2,"A"
"1529",2019-08-18,"Betis","Valladolid",1,2,"A"
"1530",2019-08-18,"Ath Madrid","Getafe",1,0,"H"
"1531",2019-08-23,"Granada","Sevilla",0,1,"A"
"1532",2019-08-23,"Levante","Villarreal",2,1,"H"
"1533",2019-08-24,"Osasuna","Eibar",0,0,"D"
"1534",2019-08-24,"Real Madrid","Valladolid",1,1,"D"
"1535",2019-08-24,"Celta","Valencia",1,0,"H"
"1536",2019-08-24,"Getafe","Ath Bilbao",1,1,"D"
"1537",2019-08-25,"Alaves","Espanol",0,0,"D"
"1538",2019-08-25,"Mallorca","Sociedad",0,1,"A"
"1539",2019-08-25,"Leganes","Ath Madrid",0,1,"A"
"1540",2019-08-25,"Barcelona","Betis",5,2,"H"
"1541",2019-08-30,"Sevilla","Celta",1,1,"D"
"1542",2019-08-30,"Ath Bilbao","Sociedad",2,0,"H"
"1543",2019-08-31,"Osasuna","Barcelona",2,2,"D"
"1544",2019-08-31,"Getafe","Alaves",1,1,"D"
"1545",2019-08-31,"Levante","Valladolid",2,0,"H"
"1546",2019-08-31,"Betis","Leganes",2,1,"H"
"1547",2019-09-01,"Valencia","Mallorca",2,0,"H"
"1548",2019-09-01,"Ath Madrid","Eibar",3,2,"H"
"1549",2019-09-01,"Espanol","Granada",0,3,"A"
"1550",2019-09-01,"Villarreal","Real Madrid",2,2,"D"
"1551",2019-09-13,"Mallorca","Ath Bilbao",0,0,"D"
"1552",2019-09-14,"Real Madrid","Levante",3,2,"H"
"1553",2019-09-14,"Leganes","Villarreal",0,3,"A"
"1554",2019-09-14,"Sociedad","Ath Madrid",2,0,"H"
"1555",2019-09-14,"Barcelona","Valencia",5,2,"H"
"1556",2019-09-15,"Eibar","Espanol",1,2,"A"
"1557",2019-09-15,"Alaves","Sevilla",0,1,"A"
"1558",2019-09-15,"Celta","Granada",0,2,"A"
"1559",2019-09-15,"Valladolid","Osasuna",1,1,"D"
"1560",2019-09-15,"Betis","Getafe",1,1,"D"
"1561",2019-09-20,"Osasuna","Betis",0,0,"D"
"1562",2019-09-21,"Villarreal","Valladolid",2,0,"H"
"1563",2019-09-21,"Levante","Eibar",0,0,"D"
"1564",2019-09-21,"Ath Madrid","Celta",0,0,"D"
"1565",2019-09-21,"Granada","Barcelona",2,0,"H"
"1566",2019-09-22,"Getafe","Mallorca",4,2,"H"
"1567",2019-09-22,"Espanol","Sociedad",1,3,"A"
"1568",2019-09-22,"Valencia","Leganes",1,1,"D"
"1569",2019-09-22,"Ath Bilbao","Alaves",2,0,"H"
"1570",2019-09-22,"Sevilla","Real Madrid",0,1,"A"
"1571",2019-09-24,"Valladolid","Granada",1,1,"D"
"1572",2019-09-24,"Betis","Levante",3,1,"H"
"1573",2019-09-24,"Barcelona","Villarreal",2,1,"H"
"1574",2019-09-25,"Leganes","Ath Bilbao",1,1,"D"
"1575",2019-09-25,"Mallorca","Ath Madrid",0,2,"A"
"1576",2019-09-25,"Valencia","Getafe",3,3,"D"
"1577",2019-09-25,"Real Madrid","Osasuna",2,0,"H"
"1578",2019-09-26,"Eibar","Sevilla",3,2,"H"
"1579",2019-09-26,"Celta","Espanol",1,1,"D"
"1580",2019-09-26,"Sociedad","Alaves",3,0,"H"
"1581",2019-09-27,"Villarreal","Betis",5,1,"H"
"1582",2019-09-28,"Ath Bilbao","Valencia",0,1,"A"
"1583",2019-09-28,"Getafe","Barcelona",0,2,"A"
"1584",2019-09-28,"Granada","Leganes",1,0,"H"
"1585",2019-09-28,"Ath Madrid","Real Madrid",0,0,"D"
"1586",2019-09-29,"Espanol","Valladolid",0,2,"A"
"1587",2019-09-29,"Eibar","Celta",2,0,"H"
"1588",2019-09-29,"Alaves","Mallorca",2,0,"H"
"1589",2019-09-29,"Levante","Osasuna",1,1,"D"
"1590",2019-09-29,"Sevilla","Sociedad",3,2,"H"
"1591",2019-10-04,"Betis","Eibar",1,1,"D"
"1592",2019-10-05,"Leganes","Levante",1,2,"A"
"1593",2019-10-05,"Real Madrid","Granada",4,2,"H"
"1594",2019-10-05,"Valencia","Alaves",2,1,"H"
"1595",2019-10-05,"Osasuna","Villarreal",2,1,"H"
"1596",2019-10-06,"Mallorca","Espanol",2,0,"H"
"1597",2019-10-06,"Celta","Ath Bilbao",1,0,"H"
"1598",2019-10-06,"Valladolid","Ath Madrid",0,0,"D"
"1599",2019-10-06,"Sociedad","Getafe",1,2,"A"
"1600",2019-10-06,"Barcelona","Sevilla",4,0,"H"
"1601",2019-10-18,"Granada","Osasuna",1,0,"H"
"1602",2019-10-19,"Eibar","Barcelona",0,3,"A"
"1603",2019-10-19,"Ath Madrid","Valencia",1,1,"D"
"1604",2019-10-19,"Getafe","Leganes",2,0,"H"
"1605",2019-10-19,"Mallorca","Real Madrid",1,0,"H"
"1606",2019-10-20,"Alaves","Celta",2,0,"H"
"1607",2019-10-20,"Sociedad","Betis",3,1,"H"
"1608",2019-10-20,"Espanol","Villarreal",0,1,"A"
"1609",2019-10-20,"Ath Bilbao","Valladolid",1,1,"D"
"1610",2019-10-20,"Sevilla","Levante",1,0,"H"
"1611",2019-10-25,"Villarreal","Alaves",4,1,"H"
"1612",2019-10-26,"Leganes","Mallorca",1,0,"H"
"1613",2019-10-26,"Valladolid","Eibar",2,0,"H"
"1614",2019-10-26,"Ath Madrid","Ath Bilbao",2,0,"H"
"1615",2019-10-27,"Celta","Sociedad",0,1,"A"
"1616",2019-10-27,"Granada","Betis",1,0,"H"
"1617",2019-10-27,"Levante","Espanol",0,1,"A"
"1618",2019-10-27,"Sevilla","Getafe",2,0,"H"
"1619",2019-10-27,"Osasuna","Valencia",3,1,"H"
"1620",2019-10-29,"Alaves","Ath Madrid",1,1,"D"
"1621",2019-10-29,"Barcelona","Valladolid",5,1,"H"
"1622",2019-10-30,"Sociedad","Levante",1,2,"A"
"1623",2019-10-30,"Valencia","Sevilla",1,1,"D"
"1624",2019-10-30,"Ath Bilbao","Espanol",3,0,"H"
"1625",2019-10-30,"Betis","Celta",2,1,"H"
"1626",2019-10-30,"Real Madrid","Leganes",5,0,"H"
"1627",2019-10-31,"Eibar","Villarreal",2,1,"H"
"1628",2019-10-31,"Mallorca","Osasuna",2,2,"D"
"1629",2019-10-31,"Getafe","Granada",3,1,"H"
"1630",2019-11-02,"Espanol","Valencia",1,2,"A"
"1631",2019-11-02,"Levante","Barcelona",3,1,"H"
"1632",2019-11-02,"Sevilla","Ath Madrid",1,1,"D"
"1633",2019-11-02,"Real Madrid","Betis",0,0,"D"
"1634",2019-11-03,"Valladolid","Mallorca",3,0,"H"
"1635",2019-11-03,"Villarreal","Ath Bilbao",0,0,"D"
"1636",2019-11-03,"Osasuna","Alaves",4,2,"H"
"1637",2019-11-03,"Celta","Getafe",0,1,"A"
"1638",2019-11-03,"Leganes","Eibar",1,2,"A"
"1639",2019-11-03,"Granada","Sociedad",1,2,"A"
"1640",2019-11-08,"Sociedad","Leganes",1,1,"D"
"1641",2019-11-09,"Alaves","Valladolid",3,0,"H"
"1642",2019-11-09,"Valencia","Granada",2,0,"H"
"1643",2019-11-09,"Eibar","Real Madrid",0,4,"A"
"1644",2019-11-09,"Barcelona","Celta",4,1,"H"
"1645",2019-11-10,"Mallorca","Villarreal",3,1,"H"
"1646",2019-11-10,"Ath Bilbao","Levante",2,1,"H"
"1647",2019-11-10,"Ath Madrid","Espanol",3,1,"H"
"1648",2019-11-10,"Getafe","Osasuna",0,0,"D"
"1649",2019-11-10,"Betis","Sevilla",1,2,"A"
"1650",2019-11-22,"Levante","Mallorca",2,1,"H"
"1651",2019-11-23,"Leganes","Barcelona",1,2,"A"
"1652",2019-11-23,"Betis","Valencia",2,1,"H"
"1653",2019-11-23,"Granada","Ath Madrid",1,1,"D"
"1654",2019-11-23,"Real Madrid","Sociedad",3,1,"H"
"1655",2019-11-24,"Espanol","Getafe",1,1,"D"
"1656",2019-11-24,"Osasuna","Ath Bilbao",1,2,"A"
"1657",2019-11-24,"Eibar","Alaves",0,2,"A"
"1658",2019-11-24,"Villarreal","Celta",1,3,"A"
"1659",2019-11-24,"Valladolid","Sevilla",0,1,"A"
"1660",2019-11-29,"Celta","Valladolid",0,0,"D"
"1661",2019-11-30,"Alaves","Real Madrid",1,2,"A"
"1662",2019-11-30,"Sociedad","Eibar",4,1,"H"
"1663",2019-11-30,"Mallorca","Betis",1,2,"A"
"1664",2019-11-30,"Valencia","Villarreal",2,1,"H"
"1665",2019-12-01,"Sevilla","Leganes",1,0,"H"
"1666",2019-12-01,"Ath Bilbao","Granada",2,0,"H"
"1667",2019-12-01,"Espanol","Osasuna",2,4,"A"
"1668",2019-12-01,"Getafe","Levante",4,0,"H"
"1669",2019-12-01,"Ath Madrid","Barcelona",0,1,"A"
"1670",2019-12-06,"Villarreal","Ath Madrid",0,0,"D"
"1671",2019-12-07,"Real Madrid","Espanol",2,0,"H"
"1672",2019-12-07,"Granada","Alaves",3,0,"H"
"1673",2019-12-07,"Levante","Valencia",2,4,"A"
"1674",2019-12-07,"Barcelona","Mallorca",5,2,"H"
"1675",2019-12-08,"Eibar","Getafe",0,1,"A"
"1676",2019-12-08,"Betis","Ath Bilbao",3,2,"H"
"1677",2019-12-08,"Valladolid","Sociedad",0,0,"D"
"1678",2019-12-08,"Leganes","Celta",3,2,"H"
"1679",2019-12-08,"Osasuna","Sevilla",1,1,"D"
"1680",2019-12-13,"Alaves","Leganes",1,1,"D"
"1681",2019-12-14,"Granada","Levante",1,2,"A"
"1682",2019-12-14,"Sociedad","Barcelona",2,2,"D"
"1683",2019-12-14,"Ath Bilbao","Eibar",0,0,"D"
"1684",2019-12-14,"Ath Madrid","Osasuna",2,0,"H"
"1685",2019-12-15,"Getafe","Valladolid",2,0,"H"
"1686",2019-12-15,"Celta","Mallorca",2,2,"D"
"1687",2019-12-15,"Espanol","Betis",2,2,"D"
"1688",2019-12-15,"Sevilla","Villarreal",1,2,"A"
"1689",2019-12-15,"Valencia","Real Madrid",1,1,"D"
"1690",2019-12-18,"Barcelona","Real Madrid",0,0,"D"
"1691",2019-12-20,"Eibar","Granada",3,0,"H"
"1692",2019-12-21,"Mallorca","Sevilla",0,2,"A"
"1693",2019-12-21,"Barcelona","Alaves",4,1,"H"
"1694",2019-12-21,"Villarreal","Getafe",1,0,"H"
"1695",2019-12-21,"Valladolid","Valencia",1,1,"D"
"1696",2019-12-22,"Leganes","Espanol",2,0,"H"
"1697",2019-12-22,"Osasuna","Sociedad",3,4,"A"
"1698",2019-12-22,"Betis","Ath Madrid",1,2,"A"
"1699",2019-12-22,"Levante","Celta",3,1,"H"
"1700",2019-12-22,"Real Madrid","Ath Bilbao",0,0,"D"
"1701",2020-01-03,"Valladolid","Leganes",2,2,"D"
"1702",2020-01-03,"Sevilla","Ath Bilbao",1,1,"D"
"1703",2020-01-04,"Valencia","Eibar",1,0,"H"
"1704",2020-01-04,"Getafe","Real Madrid",0,3,"A"
"1705",2020-01-04,"Ath Madrid","Levante",2,1,"H"
"1706",2020-01-04,"Espanol","Barcelona",2,2,"D"
"1707",2020-01-05,"Granada","Mallorca",1,0,"H"
"1708",2020-01-05,"Sociedad","Villarreal",1,2,"A"
"1709",2020-01-05,"Alaves","Betis",1,1,"D"
"1710",2020-01-05,"Celta","Osasuna",1,1,"D"
"1711",2020-01-17,"Leganes","Getafe",0,3,"A"
"1712",2020-01-18,"Levante","Alaves",0,1,"A"
"1713",2020-01-18,"Real Madrid","Sevilla",2,1,"H"
"1714",2020-01-18,"Osasuna","Valladolid",0,0,"D"
"1715",2020-01-18,"Eibar","Ath Madrid",2,0,"H"
"1716",2020-01-19,"Mallorca","Valencia",4,1,"H"
"1717",2020-01-19,"Betis","Sociedad",3,0,"H"
"1718",2020-01-19,"Villarreal","Espanol",1,2,"A"
"1719",2020-01-19,"Ath Bilbao","Celta",1,1,"D"
"1720",2020-01-19,"Barcelona","Granada",1,0,"H"
"1721",2020-01-24,"Osasuna","Levante",2,0,"H"
"1722",2020-01-25,"Espanol","Ath Bilbao",1,1,"D"
"1723",2020-01-25,"Valencia","Barcelona",2,0,"H"
"1724",2020-01-25,"Alaves","Villarreal",1,2,"A"
"1725",2020-01-25,"Sevilla","Granada",2,0,"H"
"1726",2020-01-26,"Ath Madrid","Leganes",0,0,"D"
"1727",2020-01-26,"Celta","Eibar",0,0,"D"
"1728",2020-01-26,"Getafe","Betis",1,0,"H"
"1729",2020-01-26,"Sociedad","Mallorca",3,0,"H"
"1730",2020-01-26,"Valladolid","Real Madrid",0,1,"A"
"1731",2020-02-01,"Granada","Espanol",2,1,"H"
"1732",2020-02-01,"Real Madrid","Ath Madrid",1,0,"H"
"1733",2020-02-01,"Mallorca","Valladolid",0,1,"A"
"1734",2020-02-01,"Valencia","Celta",1,0,"H"
"1735",2020-02-02,"Leganes","Sociedad",2,1,"H"
"1736",2020-02-02,"Eibar","Betis",1,1,"D"
"1737",2020-02-02,"Ath Bilbao","Getafe",0,2,"A"
"1738",2020-02-02,"Sevilla","Alaves",1,1,"D"
"1739",2020-02-02,"Villarreal","Osasuna",3,1,"H"
"1740",2020-02-02,"Barcelona","Levante",2,1,"H"
"1741",2020-02-07,"Alaves","Eibar",2,1,"H"
"1742",2020-02-08,"Levante","Leganes",2,0,"H"
"1743",2020-02-08,"Getafe","Valencia",3,0,"H"
"1744",2020-02-08,"Valladolid","Villarreal",1,1,"D"
"1745",2020-02-08,"Ath Madrid","Granada",1,0,"H"
"1746",2020-02-09,"Espanol","Mallorca",1,0,"H"
"1747",2020-02-09,"Sociedad","Ath Bilbao",2,1,"H"
"1748",2020-02-09,"Osasuna","Real Madrid",1,4,"A"
"1749",2020-02-09,"Celta","Sevilla",2,1,"H"
"1750",2020-02-09,"Betis","Barcelona",2,3,"A"
"1751",2020-02-14,"Valencia","Ath Madrid",2,2,"D"
"1752",2020-02-15,"Mallorca","Alaves",1,0,"H"
"1753",2020-02-15,"Barcelona","Getafe",2,1,"H"
"1754",2020-02-15,"Villarreal","Levante",2,1,"H"
"1755",2020-02-15,"Granada","Valladolid",2,1,"H"
"1756",2020-02-16,"Sevilla","Espanol",2,2,"D"
"1757",2020-02-16,"Leganes","Betis",0,0,"D"
"1758",2020-02-16,"Ath Bilbao","Osasuna",0,1,"A"
"1759",2020-02-16,"Real Madrid","Celta",2,2,"D"
"1760",2020-02-21,"Betis","Mallorca",3,3,"D"
"1761",2020-02-22,"Celta","Leganes",1,0,"H"
"1762",2020-02-22,"Barcelona","Eibar",5,0,"H"
"1763",2020-02-22,"Sociedad","Valencia",3,0,"H"
"1764",2020-02-22,"Levante","Real Madrid",1,0,"H"
"1765",2020-02-23,"Osasuna","Granada",0,3,"A"
"1766",2020-02-23,"Alaves","Ath Bilbao",2,1,"H"
"1767",2020-02-23,"Valladolid","Espanol",2,1,"H"
"1768",2020-02-23,"Getafe","Sevilla",0,3,"A"
"1769",2020-02-23,"Ath Madrid","Villarreal",3,1,"H"
"1770",2020-02-28,"Sociedad","Valladolid",1,0,"H"
"1771",2020-02-29,"Eibar","Levante",3,0,"H"
"1772",2020-02-29,"Valencia","Betis",2,1,"H"
"1773",2020-02-29,"Leganes","Alaves",1,1,"D"
"1774",2020-02-29,"Granada","Celta",0,0,"D"
"1775",2020-03-01,"Sevilla","Osasuna",3,2,"H"
"1776",2020-03-01,"Ath Bilbao","Villarreal",1,0,"H"
"1777",2020-03-01,"Espanol","Ath Madrid",1,1,"D"
"1778",2020-03-01,"Mallorca","Getafe",0,1,"A"
"1779",2020-03-01,"Real Madrid","Barcelona",2,0,"H"
"1780",2020-03-06,"Alaves","Valencia",1,1,"D"
"1781",2020-03-07,"Eibar","Mallorca",1,2,"A"
"1782",2020-03-07,"Ath Madrid","Sevilla",2,2,"D"
"1783",2020-03-07,"Barcelona","Sociedad",1,0,"H"
"1784",2020-03-07,"Getafe","Celta",0,0,"D"
"1785",2020-03-08,"Osasuna","Espanol",1,0,"H"
"1786",2020-03-08,"Valladolid","Ath Bilbao",1,4,"A"
"1787",2020-03-08,"Levante","Granada",1,1,"D"
"1788",2020-03-08,"Villarreal","Leganes",1,2,"A"
"1789",2020-03-08,"Betis","Real Madrid",2,1,"H"
"1790",2020-03-10,"Eibar","Sociedad",1,2,"A"
"1791",2020-06-11,"Sevilla","Betis",2,0,"H"
"1792",2020-06-12,"Granada","Getafe",2,1,"H"
"1793",2020-06-12,"Valencia","Levante",1,1,"D"
"1794",2020-06-13,"Espanol","Alaves",2,0,"H"
"1795",2020-06-13,"Celta","Villarreal",0,1,"A"
"1796",2020-06-13,"Leganes","Valladolid",1,2,"A"
"1797",2020-06-13,"Mallorca","Barcelona",0,4,"A"
"1798",2020-06-14,"Ath Bilbao","Ath Madrid",1,1,"D"
"1799",2020-06-14,"Real Madrid","Eibar",3,1,"H"
"1800",2020-06-14,"Sociedad","Osasuna",1,1,"D"
"1801",2020-06-15,"Levante","Sevilla",1,1,"D"
"1802",2020-06-15,"Betis","Granada",2,2,"D"
"1803",2020-06-16,"Getafe","Espanol",0,0,"D"
"1804",2020-06-16,"Villarreal","Mallorca",1,0,"H"
"1805",2020-06-16,"Barcelona","Leganes",2,0,"H"
"1806",2020-06-17,"Eibar","Ath Bilbao",2,2,"D"
"1807",2020-06-17,"Valladolid","Celta",0,0,"D"
"1808",2020-06-17,"Osasuna","Ath Madrid",0,5,"A"
"1809",2020-06-18,"Alaves","Sociedad",2,0,"H"
"1810",2020-06-18,"Real Madrid","Valencia",3,0,"H"
"1811",2020-06-19,"Granada","Villarreal",0,1,"A"
"1812",2020-06-19,"Mallorca","Leganes",1,1,"D"
"1813",2020-06-19,"Sevilla","Barcelona",0,0,"D"
"1814",2020-06-20,"Espanol","Levante",1,3,"A"
"1815",2020-06-20,"Ath Bilbao","Betis",1,0,"H"
"1816",2020-06-20,"Getafe","Eibar",1,1,"D"
"1817",2020-06-20,"Ath Madrid","Valladolid",1,0,"H"
"1818",2020-06-21,"Celta","Alaves",6,0,"H"
"1819",2020-06-21,"Valencia","Osasuna",2,0,"H"
"1820",2020-06-21,"Sociedad","Real Madrid",1,2,"A"
"1821",2020-06-22,"Villarreal","Sevilla",2,2,"D"
"1822",2020-06-22,"Leganes","Granada",0,0,"D"
"1823",2020-06-23,"Levante","Ath Madrid",0,1,"A"
"1824",2020-06-23,"Valladolid","Getafe",1,1,"D"
"1825",2020-06-23,"Barcelona","Ath Bilbao",1,0,"H"
"1826",2020-06-24,"Alaves","Osasuna",0,1,"A"
"1827",2020-06-24,"Sociedad","Celta",0,1,"A"
"1828",2020-06-24,"Real Madrid","Mallorca",2,0,"H"
"1829",2020-06-25,"Eibar","Valencia",1,0,"H"
"1830",2020-06-25,"Betis","Espanol",1,0,"H"
"1831",2020-06-26,"Sevilla","Valladolid",1,1,"D"
"1832",2020-06-27,"Ath Bilbao","Mallorca",3,1,"H"
"1833",2020-06-27,"Celta","Barcelona",2,2,"D"
"1834",2020-06-27,"Osasuna","Leganes",2,1,"H"
"1835",2020-06-27,"Ath Madrid","Alaves",2,1,"H"
"1836",2020-06-28,"Levante","Betis",4,2,"H"
"1837",2020-06-28,"Villarreal","Valencia",2,0,"H"
"1838",2020-06-28,"Granada","Eibar",1,2,"A"
"1839",2020-06-28,"Espanol","Real Madrid",0,1,"A"
"1840",2020-06-29,"Getafe","Sociedad",2,1,"H"
"1841",2020-06-30,"Mallorca","Celta",5,1,"H"
"1842",2020-06-30,"Leganes","Sevilla",0,3,"A"
"1843",2020-06-30,"Barcelona","Ath Madrid",2,2,"D"
"1844",2020-07-01,"Alaves","Granada",0,2,"A"
"1845",2020-07-01,"Valencia","Ath Bilbao",0,2,"A"
"1846",2020-07-01,"Betis","Villarreal",0,2,"A"
"1847",2020-07-01,"Valladolid","Levante",0,0,"D"
"1848",2020-07-02,"Eibar","Osasuna",0,2,"A"
"1849",2020-07-02,"Sociedad","Espanol",2,1,"H"
"1850",2020-07-02,"Real Madrid","Getafe",1,0,"H"
"1851",2020-07-03,"Ath Madrid","Mallorca",3,0,"H"
"1852",2020-07-04,"Celta","Betis",1,1,"D"
"1853",2020-07-04,"Valladolid","Alaves",1,0,"H"
"1854",2020-07-04,"Granada","Valencia",2,2,"D"
"1855",2020-07-05,"Ath Bilbao","Real Madrid",0,1,"A"
"1856",2020-07-05,"Espanol","Leganes",0,1,"A"
"1857",2020-07-05,"Osasuna","Getafe",0,0,"D"
"1858",2020-07-05,"Villarreal","Barcelona",1,4,"A"
"1859",2020-07-06,"Levante","Sociedad",1,1,"D"
"1860",2020-07-06,"Sevilla","Eibar",1,0,"H"
"1861",2020-07-07,"Valencia","Valladolid",2,1,"H"
"1862",2020-07-07,"Celta","Ath Madrid",1,1,"D"
"1863",2020-07-08,"Betis","Osasuna",3,0,"H"
"1864",2020-07-08,"Getafe","Villarreal",1,3,"A"
"1865",2020-07-08,"Barcelona","Espanol",1,0,"H"
"1866",2020-07-09,"Eibar","Leganes",0,0,"D"
"1867",2020-07-09,"Mallorca","Levante",2,0,"H"
"1868",2020-07-09,"Ath Bilbao","Sevilla",1,2,"A"
"1869",2020-07-10,"Sociedad","Granada",2,3,"A"
"1870",2020-07-10,"Real Madrid","Alaves",2,0,"H"
"1871",2020-07-11,"Osasuna","Celta",2,1,"H"
"1872",2020-07-11,"Valladolid","Barcelona",0,1,"A"
"1873",2020-07-11,"Ath Madrid","Betis",1,0,"H"
"1874",2020-07-12,"Espanol","Eibar",0,2,"A"
"1875",2020-07-12,"Levante","Ath Bilbao",1,2,"A"
"1876",2020-07-12,"Leganes","Valencia",1,0,"H"
"1877",2020-07-12,"Sevilla","Mallorca",2,0,"H"
"1878",2020-07-13,"Alaves","Getafe",0,0,"D"
"1879",2020-07-13,"Villarreal","Sociedad",1,2,"A"
"1880",2020-07-13,"Granada","Real Madrid",1,2,"A"
"1881",2020-07-16,"Eibar","Valladolid",3,1,"H"
"1882",2020-07-16,"Ath Bilbao","Leganes",0,2,"A"
"1883",2020-07-16,"Barcelona","Osasuna",1,2,"A"
"1884",2020-07-16,"Betis","Alaves",1,2,"A"
"1885",2020-07-16,"Celta","Levante",2,3,"A"
"1886",2020-07-16,"Getafe","Ath Madrid",0,2,"A"
"1887",2020-07-16,"Mallorca","Granada",1,2,"A"
"1888",2020-07-16,"Real Madrid","Villarreal",2,1,"H"
"1889",2020-07-16,"Sociedad","Sevilla",0,0,"D"
"1890",2020-07-16,"Valencia","Espanol",1,0,"H"
"1891",2020-07-19,"Alaves","Barcelona",0,5,"A"
"1892",2020-07-19,"Valladolid","Betis",2,0,"H"
"1893",2020-07-19,"Villarreal","Eibar",4,0,"H"
"1894",2020-07-19,"Ath Madrid","Sociedad",1,1,"D"
"1895",2020-07-19,"Espanol","Celta",0,0,"D"
"1896",2020-07-19,"Granada","Ath Bilbao",4,0,"H"
"1897",2020-07-19,"Leganes","Real Madrid",2,2,"D"
"1898",2020-07-19,"Levante","Getafe",1,0,"H"
"1899",2020-07-19,"Osasuna","Mallorca",2,2,"D"
"1900",2020-07-19,"Sevilla","Valencia",1,0,"H"
